DEBUG - 2025-08-12 05:16:42 --> Session: Class initialized using 'CodeIgniter\Session\Handlers\FileHandler' driver.
DEBUG - 2025-08-12 05:59:41 --> Session: Class initialized using 'CodeIgniter\Session\Handlers\FileHandler' driver.
DEBUG - 2025-08-12 05:59:41 --> Session: Class initialized using 'CodeIgniter\Session\Handlers\FileHandler' driver.
DEBUG - 2025-08-12 06:07:11 --> Session: Class initialized using 'CodeIgniter\Session\Handlers\FileHandler' driver.
DEBUG - 2025-08-12 06:07:12 --> Session: Class initialized using 'CodeIgniter\Session\Handlers\FileHandler' driver.
DEBUG - 2025-08-12 07:10:45 --> Session: Class initialized using 'CodeIgniter\Session\Handlers\FileHandler' driver.
DEBUG - 2025-08-12 07:10:47 --> Session: Class initialized using 'CodeIgniter\Session\Handlers\FileHandler' driver.
DEBUG - 2025-08-12 07:10:56 --> Session: Class initialized using 'CodeIgniter\Session\Handlers\FileHandler' driver.
DEBUG - 2025-08-12 07:10:56 --> Session: Class initialized using 'CodeIgniter\Session\Handlers\FileHandler' driver.
DEBUG - 2025-08-12 07:11:03 --> Session: Class initialized using 'CodeIgniter\Session\Handlers\FileHandler' driver.
DEBUG - 2025-08-12 07:11:03 --> Session: Class initialized using 'CodeIgniter\Session\Handlers\FileHandler' driver.
DEBUG - 2025-08-12 07:11:07 --> Session: Class initialized using 'CodeIgniter\Session\Handlers\FileHandler' driver.
DEBUG - 2025-08-12 07:11:07 --> Session: Class initialized using 'CodeIgniter\Session\Handlers\FileHandler' driver.
DEBUG - 2025-08-12 07:11:11 --> Session: Class initialized using 'CodeIgniter\Session\Handlers\FileHandler' driver.
DEBUG - 2025-08-12 07:11:13 --> Session: Class initialized using 'CodeIgniter\Session\Handlers\FileHandler' driver.
DEBUG - 2025-08-12 14:08:32 --> Session: Class initialized using 'CodeIgniter\Session\Handlers\FileHandler' driver.
DEBUG - 2025-08-12 14:08:46 --> Session: Class initialized using 'CodeIgniter\Session\Handlers\FileHandler' driver.
DEBUG - 2025-08-12 14:08:46 --> Session: Class initialized using 'CodeIgniter\Session\Handlers\FileHandler' driver.
DEBUG - 2025-08-12 14:17:35 --> Session: Class initialized using 'CodeIgniter\Session\Handlers\FileHandler' driver.
DEBUG - 2025-08-12 14:17:35 --> Session: Class initialized using 'CodeIgniter\Session\Handlers\FileHandler' driver.
DEBUG - 2025-08-12 14:17:40 --> Session: Class initialized using 'CodeIgniter\Session\Handlers\FileHandler' driver.
DEBUG - 2025-08-12 14:17:40 --> Session: Class initialized using 'CodeIgniter\Session\Handlers\FileHandler' driver.
DEBUG - 2025-08-12 14:17:41 --> Session: Class initialized using 'CodeIgniter\Session\Handlers\FileHandler' driver.
DEBUG - 2025-08-12 14:17:42 --> Session: Class initialized using 'CodeIgniter\Session\Handlers\FileHandler' driver.
DEBUG - 2025-08-12 14:17:43 --> Session: Class initialized using 'CodeIgniter\Session\Handlers\FileHandler' driver.
DEBUG - 2025-08-12 14:17:43 --> Session: Class initialized using 'CodeIgniter\Session\Handlers\FileHandler' driver.
DEBUG - 2025-08-12 14:18:01 --> Session: Class initialized using 'CodeIgniter\Session\Handlers\FileHandler' driver.
DEBUG - 2025-08-12 14:18:01 --> Session: Class initialized using 'CodeIgniter\Session\Handlers\FileHandler' driver.
DEBUG - 2025-08-12 14:18:54 --> Session: Class initialized using 'CodeIgniter\Session\Handlers\FileHandler' driver.
DEBUG - 2025-08-12 14:18:54 --> Session: Class initialized using 'CodeIgniter\Session\Handlers\FileHandler' driver.
DEBUG - 2025-08-12 14:22:21 --> Session: Class initialized using 'CodeIgniter\Session\Handlers\FileHandler' driver.
DEBUG - 2025-08-12 14:22:22 --> Session: Class initialized using 'CodeIgniter\Session\Handlers\FileHandler' driver.
DEBUG - 2025-08-12 14:22:38 --> Session: Class initialized using 'CodeIgniter\Session\Handlers\FileHandler' driver.
DEBUG - 2025-08-12 14:22:38 --> Session: Class initialized using 'CodeIgniter\Session\Handlers\FileHandler' driver.
DEBUG - 2025-08-12 14:22:39 --> Session: Class initialized using 'CodeIgniter\Session\Handlers\FileHandler' driver.
DEBUG - 2025-08-12 14:22:40 --> Session: Class initialized using 'CodeIgniter\Session\Handlers\FileHandler' driver.
DEBUG - 2025-08-12 14:22:40 --> Session: Class initialized using 'CodeIgniter\Session\Handlers\FileHandler' driver.
DEBUG - 2025-08-12 14:22:40 --> Session: Class initialized using 'CodeIgniter\Session\Handlers\FileHandler' driver.
DEBUG - 2025-08-12 14:23:36 --> Session: Class initialized using 'CodeIgniter\Session\Handlers\FileHandler' driver.
DEBUG - 2025-08-12 14:23:36 --> Session: Class initialized using 'CodeIgniter\Session\Handlers\FileHandler' driver.
DEBUG - 2025-08-12 14:23:37 --> Session: Class initialized using 'CodeIgniter\Session\Handlers\FileHandler' driver.
DEBUG - 2025-08-12 14:23:37 --> Session: Class initialized using 'CodeIgniter\Session\Handlers\FileHandler' driver.
DEBUG - 2025-08-12 14:23:39 --> Session: Class initialized using 'CodeIgniter\Session\Handlers\FileHandler' driver.
DEBUG - 2025-08-12 14:23:39 --> Session: Class initialized using 'CodeIgniter\Session\Handlers\FileHandler' driver.
DEBUG - 2025-08-12 14:23:40 --> Session: Class initialized using 'CodeIgniter\Session\Handlers\FileHandler' driver.
DEBUG - 2025-08-12 14:23:40 --> Session: Class initialized using 'CodeIgniter\Session\Handlers\FileHandler' driver.
DEBUG - 2025-08-12 14:23:40 --> Session: Class initialized using 'CodeIgniter\Session\Handlers\FileHandler' driver.
DEBUG - 2025-08-12 14:23:41 --> Session: Class initialized using 'CodeIgniter\Session\Handlers\FileHandler' driver.
DEBUG - 2025-08-12 14:23:41 --> Session: Class initialized using 'CodeIgniter\Session\Handlers\FileHandler' driver.
DEBUG - 2025-08-12 14:23:41 --> Session: Class initialized using 'CodeIgniter\Session\Handlers\FileHandler' driver.
DEBUG - 2025-08-12 14:23:41 --> Session: Class initialized using 'CodeIgniter\Session\Handlers\FileHandler' driver.
DEBUG - 2025-08-12 14:23:41 --> Session: Class initialized using 'CodeIgniter\Session\Handlers\FileHandler' driver.
DEBUG - 2025-08-12 14:25:08 --> Session: Class initialized using 'CodeIgniter\Session\Handlers\FileHandler' driver.
DEBUG - 2025-08-12 14:25:38 --> Session: Class initialized using 'CodeIgniter\Session\Handlers\FileHandler' driver.
DEBUG - 2025-08-12 14:25:38 --> Session: Class initialized using 'CodeIgniter\Session\Handlers\FileHandler' driver.
DEBUG - 2025-08-12 14:26:08 --> Session: Class initialized using 'CodeIgniter\Session\Handlers\FileHandler' driver.
DEBUG - 2025-08-12 14:26:10 --> Session: Class initialized using 'CodeIgniter\Session\Handlers\FileHandler' driver.
DEBUG - 2025-08-12 14:26:11 --> Session: Class initialized using 'CodeIgniter\Session\Handlers\FileHandler' driver.
DEBUG - 2025-08-12 14:26:13 --> Session: Class initialized using 'CodeIgniter\Session\Handlers\FileHandler' driver.
DEBUG - 2025-08-12 14:30:06 --> Session: Class initialized using 'CodeIgniter\Session\Handlers\FileHandler' driver.
DEBUG - 2025-08-12 14:30:12 --> Session: Class initialized using 'CodeIgniter\Session\Handlers\FileHandler' driver.
DEBUG - 2025-08-12 14:33:13 --> Session: Class initialized using 'CodeIgniter\Session\Handlers\FileHandler' driver.
DEBUG - 2025-08-12 14:34:05 --> Session: Class initialized using 'CodeIgniter\Session\Handlers\FileHandler' driver.
DEBUG - 2025-08-12 14:34:11 --> Session: Class initialized using 'CodeIgniter\Session\Handlers\FileHandler' driver.
DEBUG - 2025-08-12 14:34:14 --> Session: Class initialized using 'CodeIgniter\Session\Handlers\FileHandler' driver.
DEBUG - 2025-08-12 14:34:21 --> Session: Class initialized using 'CodeIgniter\Session\Handlers\FileHandler' driver.
DEBUG - 2025-08-12 14:35:01 --> Session: Class initialized using 'CodeIgniter\Session\Handlers\FileHandler' driver.
DEBUG - 2025-08-12 14:35:01 --> Session: Class initialized using 'CodeIgniter\Session\Handlers\FileHandler' driver.
DEBUG - 2025-08-12 14:52:09 --> Session: Class initialized using 'CodeIgniter\Session\Handlers\FileHandler' driver.
DEBUG - 2025-08-12 14:52:10 --> Session: Class initialized using 'CodeIgniter\Session\Handlers\FileHandler' driver.
DEBUG - 2025-08-12 14:54:27 --> Session: Class initialized using 'CodeIgniter\Session\Handlers\FileHandler' driver.
DEBUG - 2025-08-12 14:54:27 --> Session: Class initialized using 'CodeIgniter\Session\Handlers\FileHandler' driver.
DEBUG - 2025-08-12 15:49:17 --> Session: Class initialized using 'CodeIgniter\Session\Handlers\FileHandler' driver.
DEBUG - 2025-08-12 15:49:17 --> Session: Class initialized using 'CodeIgniter\Session\Handlers\FileHandler' driver.
DEBUG - 2025-08-12 15:52:04 --> Session: Class initialized using 'CodeIgniter\Session\Handlers\FileHandler' driver.
DEBUG - 2025-08-12 15:52:04 --> Session: Class initialized using 'CodeIgniter\Session\Handlers\FileHandler' driver.
DEBUG - 2025-08-12 15:52:08 --> Session: Class initialized using 'CodeIgniter\Session\Handlers\FileHandler' driver.
DEBUG - 2025-08-12 15:52:09 --> Session: Class initialized using 'CodeIgniter\Session\Handlers\FileHandler' driver.
DEBUG - 2025-08-12 15:55:10 --> Session: Class initialized using 'CodeIgniter\Session\Handlers\FileHandler' driver.
DEBUG - 2025-08-12 15:55:11 --> Session: Class initialized using 'CodeIgniter\Session\Handlers\FileHandler' driver.
DEBUG - 2025-08-12 16:01:34 --> Session: Class initialized using 'CodeIgniter\Session\Handlers\FileHandler' driver.
DEBUG - 2025-08-12 16:01:35 --> Session: Class initialized using 'CodeIgniter\Session\Handlers\FileHandler' driver.
DEBUG - 2025-08-12 16:01:49 --> Session: Class initialized using 'CodeIgniter\Session\Handlers\FileHandler' driver.
DEBUG - 2025-08-12 16:01:59 --> Session: Class initialized using 'CodeIgniter\Session\Handlers\FileHandler' driver.
DEBUG - 2025-08-12 16:02:00 --> Session: Class initialized using 'CodeIgniter\Session\Handlers\FileHandler' driver.
DEBUG - 2025-08-12 16:02:52 --> Session: Class initialized using 'CodeIgniter\Session\Handlers\FileHandler' driver.
DEBUG - 2025-08-12 16:02:52 --> Session: Class initialized using 'CodeIgniter\Session\Handlers\FileHandler' driver.
DEBUG - 2025-08-12 16:03:08 --> Session: Class initialized using 'CodeIgniter\Session\Handlers\FileHandler' driver.
DEBUG - 2025-08-12 16:03:09 --> Session: Class initialized using 'CodeIgniter\Session\Handlers\FileHandler' driver.
DEBUG - 2025-08-12 16:06:19 --> Session: Class initialized using 'CodeIgniter\Session\Handlers\FileHandler' driver.
DEBUG - 2025-08-12 16:06:19 --> Session: Class initialized using 'CodeIgniter\Session\Handlers\FileHandler' driver.
DEBUG - 2025-08-12 16:06:24 --> Session: Class initialized using 'CodeIgniter\Session\Handlers\FileHandler' driver.
DEBUG - 2025-08-12 16:06:25 --> Session: Class initialized using 'CodeIgniter\Session\Handlers\FileHandler' driver.
DEBUG - 2025-08-12 16:06:33 --> Session: Class initialized using 'CodeIgniter\Session\Handlers\FileHandler' driver.
DEBUG - 2025-08-12 16:06:33 --> Session: Class initialized using 'CodeIgniter\Session\Handlers\FileHandler' driver.
DEBUG - 2025-08-12 16:06:34 --> Session: Class initialized using 'CodeIgniter\Session\Handlers\FileHandler' driver.
DEBUG - 2025-08-12 16:06:34 --> Session: Class initialized using 'CodeIgniter\Session\Handlers\FileHandler' driver.
DEBUG - 2025-08-12 16:06:34 --> Session: Class initialized using 'CodeIgniter\Session\Handlers\FileHandler' driver.
DEBUG - 2025-08-12 16:06:35 --> Session: Class initialized using 'CodeIgniter\Session\Handlers\FileHandler' driver.
DEBUG - 2025-08-12 16:06:35 --> Session: Class initialized using 'CodeIgniter\Session\Handlers\FileHandler' driver.
DEBUG - 2025-08-12 16:06:35 --> Session: Class initialized using 'CodeIgniter\Session\Handlers\FileHandler' driver.
DEBUG - 2025-08-12 16:06:35 --> Session: Class initialized using 'CodeIgniter\Session\Handlers\FileHandler' driver.
DEBUG - 2025-08-12 16:06:35 --> Session: Class initialized using 'CodeIgniter\Session\Handlers\FileHandler' driver.
DEBUG - 2025-08-12 16:07:26 --> Session: Class initialized using 'CodeIgniter\Session\Handlers\FileHandler' driver.
DEBUG - 2025-08-12 16:07:27 --> Session: Class initialized using 'CodeIgniter\Session\Handlers\FileHandler' driver.
DEBUG - 2025-08-12 16:07:27 --> Session: Class initialized using 'CodeIgniter\Session\Handlers\FileHandler' driver.
DEBUG - 2025-08-12 16:07:27 --> Session: Class initialized using 'CodeIgniter\Session\Handlers\FileHandler' driver.
DEBUG - 2025-08-12 16:12:46 --> Session: Class initialized using 'CodeIgniter\Session\Handlers\FileHandler' driver.
DEBUG - 2025-08-12 16:12:46 --> Session: Class initialized using 'CodeIgniter\Session\Handlers\FileHandler' driver.
DEBUG - 2025-08-12 16:13:51 --> Session: Class initialized using 'CodeIgniter\Session\Handlers\FileHandler' driver.
DEBUG - 2025-08-12 16:13:52 --> Session: Class initialized using 'CodeIgniter\Session\Handlers\FileHandler' driver.
DEBUG - 2025-08-12 16:14:55 --> Session: Class initialized using 'CodeIgniter\Session\Handlers\FileHandler' driver.
DEBUG - 2025-08-12 16:14:55 --> Session: Class initialized using 'CodeIgniter\Session\Handlers\FileHandler' driver.
DEBUG - 2025-08-12 16:16:22 --> Session: Class initialized using 'CodeIgniter\Session\Handlers\FileHandler' driver.
DEBUG - 2025-08-12 16:16:23 --> Session: Class initialized using 'CodeIgniter\Session\Handlers\FileHandler' driver.
DEBUG - 2025-08-12 16:16:24 --> Session: Class initialized using 'CodeIgniter\Session\Handlers\FileHandler' driver.
DEBUG - 2025-08-12 16:16:24 --> Session: Class initialized using 'CodeIgniter\Session\Handlers\FileHandler' driver.
DEBUG - 2025-08-12 16:16:25 --> Session: Class initialized using 'CodeIgniter\Session\Handlers\FileHandler' driver.
DEBUG - 2025-08-12 16:16:25 --> Session: Class initialized using 'CodeIgniter\Session\Handlers\FileHandler' driver.
DEBUG - 2025-08-12 16:16:25 --> Session: Class initialized using 'CodeIgniter\Session\Handlers\FileHandler' driver.
DEBUG - 2025-08-12 16:16:25 --> Session: Class initialized using 'CodeIgniter\Session\Handlers\FileHandler' driver.
DEBUG - 2025-08-12 16:16:25 --> Session: Class initialized using 'CodeIgniter\Session\Handlers\FileHandler' driver.
DEBUG - 2025-08-12 16:16:25 --> Session: Class initialized using 'CodeIgniter\Session\Handlers\FileHandler' driver.
DEBUG - 2025-08-12 16:16:26 --> Session: Class initialized using 'CodeIgniter\Session\Handlers\FileHandler' driver.
DEBUG - 2025-08-12 16:17:14 --> Session: Class initialized using 'CodeIgniter\Session\Handlers\FileHandler' driver.
DEBUG - 2025-08-12 16:17:15 --> Session: Class initialized using 'CodeIgniter\Session\Handlers\FileHandler' driver.
DEBUG - 2025-08-12 16:17:16 --> Session: Class initialized using 'CodeIgniter\Session\Handlers\FileHandler' driver.
DEBUG - 2025-08-12 16:17:16 --> Session: Class initialized using 'CodeIgniter\Session\Handlers\FileHandler' driver.
DEBUG - 2025-08-12 16:17:16 --> Session: Class initialized using 'CodeIgniter\Session\Handlers\FileHandler' driver.
DEBUG - 2025-08-12 16:17:16 --> Session: Class initialized using 'CodeIgniter\Session\Handlers\FileHandler' driver.
DEBUG - 2025-08-12 16:17:17 --> Session: Class initialized using 'CodeIgniter\Session\Handlers\FileHandler' driver.
DEBUG - 2025-08-12 16:17:17 --> Session: Class initialized using 'CodeIgniter\Session\Handlers\FileHandler' driver.
DEBUG - 2025-08-12 16:17:17 --> Session: Class initialized using 'CodeIgniter\Session\Handlers\FileHandler' driver.
DEBUG - 2025-08-12 16:20:59 --> Session: Class initialized using 'CodeIgniter\Session\Handlers\FileHandler' driver.
DEBUG - 2025-08-12 16:20:59 --> Session: Class initialized using 'CodeIgniter\Session\Handlers\FileHandler' driver.
DEBUG - 2025-08-12 16:21:00 --> Session: Class initialized using 'CodeIgniter\Session\Handlers\FileHandler' driver.
DEBUG - 2025-08-12 16:21:01 --> Session: Class initialized using 'CodeIgniter\Session\Handlers\FileHandler' driver.
DEBUG - 2025-08-12 16:21:01 --> Session: Class initialized using 'CodeIgniter\Session\Handlers\FileHandler' driver.
DEBUG - 2025-08-12 16:21:01 --> Session: Class initialized using 'CodeIgniter\Session\Handlers\FileHandler' driver.
DEBUG - 2025-08-12 16:21:01 --> Session: Class initialized using 'CodeIgniter\Session\Handlers\FileHandler' driver.
DEBUG - 2025-08-12 16:21:01 --> Session: Class initialized using 'CodeIgniter\Session\Handlers\FileHandler' driver.
DEBUG - 2025-08-12 16:21:02 --> Session: Class initialized using 'CodeIgniter\Session\Handlers\FileHandler' driver.
DEBUG - 2025-08-12 16:22:12 --> Session: Class initialized using 'CodeIgniter\Session\Handlers\FileHandler' driver.
DEBUG - 2025-08-12 16:22:12 --> Session: Class initialized using 'CodeIgniter\Session\Handlers\FileHandler' driver.
DEBUG - 2025-08-12 16:22:12 --> Session: Class initialized using 'CodeIgniter\Session\Handlers\FileHandler' driver.
DEBUG - 2025-08-12 16:22:13 --> Session: Class initialized using 'CodeIgniter\Session\Handlers\FileHandler' driver.
DEBUG - 2025-08-12 16:24:05 --> Session: Class initialized using 'CodeIgniter\Session\Handlers\FileHandler' driver.
DEBUG - 2025-08-12 16:24:05 --> Session: Class initialized using 'CodeIgniter\Session\Handlers\FileHandler' driver.
DEBUG - 2025-08-12 16:25:33 --> Session: Class initialized using 'CodeIgniter\Session\Handlers\FileHandler' driver.
DEBUG - 2025-08-12 16:25:33 --> Session: Class initialized using 'CodeIgniter\Session\Handlers\FileHandler' driver.
DEBUG - 2025-08-12 16:31:56 --> Session: Class initialized using 'CodeIgniter\Session\Handlers\FileHandler' driver.
DEBUG - 2025-08-12 16:31:56 --> Session: Class initialized using 'CodeIgniter\Session\Handlers\FileHandler' driver.
DEBUG - 2025-08-12 16:32:02 --> Session: Class initialized using 'CodeIgniter\Session\Handlers\FileHandler' driver.
DEBUG - 2025-08-12 16:32:02 --> Session: Class initialized using 'CodeIgniter\Session\Handlers\FileHandler' driver.
DEBUG - 2025-08-12 16:32:35 --> Session: Class initialized using 'CodeIgniter\Session\Handlers\FileHandler' driver.
DEBUG - 2025-08-12 16:32:35 --> Session: Class initialized using 'CodeIgniter\Session\Handlers\FileHandler' driver.
DEBUG - 2025-08-12 16:32:38 --> Session: Class initialized using 'CodeIgniter\Session\Handlers\FileHandler' driver.
DEBUG - 2025-08-12 16:32:39 --> Session: Class initialized using 'CodeIgniter\Session\Handlers\FileHandler' driver.
DEBUG - 2025-08-12 16:32:40 --> Session: Class initialized using 'CodeIgniter\Session\Handlers\FileHandler' driver.
DEBUG - 2025-08-12 16:32:40 --> Session: Class initialized using 'CodeIgniter\Session\Handlers\FileHandler' driver.
DEBUG - 2025-08-12 16:34:47 --> Session: Class initialized using 'CodeIgniter\Session\Handlers\FileHandler' driver.
DEBUG - 2025-08-12 16:34:47 --> Session: Class initialized using 'CodeIgniter\Session\Handlers\FileHandler' driver.
DEBUG - 2025-08-12 16:35:33 --> Session: Class initialized using 'CodeIgniter\Session\Handlers\FileHandler' driver.
DEBUG - 2025-08-12 16:35:34 --> Session: Class initialized using 'CodeIgniter\Session\Handlers\FileHandler' driver.
ERROR - 2025-08-12 16:35:44 --> mysqli_sql_exception: Le champ 'image' ne peut être vide (null) in C:\wamp64\www\softio-app\system\Database\MySQLi\Connection.php:327
Stack trace:
#0 C:\wamp64\www\softio-app\system\Database\MySQLi\Connection.php(327): mysqli->query('INSERT INTO `ex...', 0)
#1 C:\wamp64\www\softio-app\system\Database\BaseConnection.php(738): CodeIgniter\Database\MySQLi\Connection->execute('INSERT INTO `ex...')
#2 C:\wamp64\www\softio-app\system\Database\BaseConnection.php(652): CodeIgniter\Database\BaseConnection->simpleQuery('INSERT INTO `ex...')
#3 C:\wamp64\www\softio-app\system\Database\BaseBuilder.php(2345): CodeIgniter\Database\BaseConnection->query('INSERT INTO `ex...', Array, false)
#4 C:\wamp64\www\softio-app\system\Model.php(394): CodeIgniter\Database\BaseBuilder->insert()
#5 C:\wamp64\www\softio-app\system\BaseModel.php(843): CodeIgniter\Model->doInsert(Array)
#6 C:\wamp64\www\softio-app\system\Model.php(800): CodeIgniter\BaseModel->insert(Array, false)
#7 C:\wamp64\www\softio-app\system\BaseModel.php(754): CodeIgniter\Model->insert(Array, false)
#8 C:\wamp64\www\softio-app\app\Controllers\Expertise.php(146): CodeIgniter\BaseModel->save(Array)
#9 C:\wamp64\www\softio-app\system\CodeIgniter.php(933): App\Controllers\Expertise->update()
#10 C:\wamp64\www\softio-app\system\CodeIgniter.php(507): CodeIgniter\CodeIgniter->runController(Object(App\Controllers\Expertise))
#11 C:\wamp64\www\softio-app\system\CodeIgniter.php(354): CodeIgniter\CodeIgniter->handleRequest(NULL, Object(Config\Cache), false)
#12 C:\wamp64\www\softio-app\system\Boot.php(334): CodeIgniter\CodeIgniter->run()
#13 C:\wamp64\www\softio-app\system\Boot.php(67): CodeIgniter\Boot::runCodeIgniter(Object(CodeIgniter\CodeIgniter))
#14 C:\wamp64\www\softio-app\index.php(59): CodeIgniter\Boot::bootWeb(Object(Config\Paths))
#15 {main}
CRITICAL - 2025-08-12 16:35:44 --> CodeIgniter\Database\Exceptions\DatabaseException: Le champ 'image' ne peut être vide (null)
[Method: POST, Route: admin/expertise/update-expertise]
in SYSTEMPATH\Database\BaseConnection.php on line 692.
 1 SYSTEMPATH\Database\BaseBuilder.php(2345): CodeIgniter\Database\BaseConnection->query('INSERT INTO `expertise` (`titre`, `description`, `image`, `created_at`, `updated_at`) VALUES (:titre:, :description:, :image:, :created_at:, :updated_at:)', [...], false)
 2 SYSTEMPATH\Model.php(394): CodeIgniter\Database\BaseBuilder->insert()
 3 SYSTEMPATH\BaseModel.php(843): CodeIgniter\Model->doInsert([...])
 4 SYSTEMPATH\Model.php(800): CodeIgniter\BaseModel->insert([...], false)
 5 SYSTEMPATH\BaseModel.php(754): CodeIgniter\Model->insert([...], false)
 6 APPPATH\Controllers\Expertise.php(146): CodeIgniter\BaseModel->save([...])
 7 SYSTEMPATH\CodeIgniter.php(933): App\Controllers\Expertise->update()
 8 SYSTEMPATH\CodeIgniter.php(507): CodeIgniter\CodeIgniter->runController(Object(App\Controllers\Expertise))
 9 SYSTEMPATH\CodeIgniter.php(354): CodeIgniter\CodeIgniter->handleRequest(null, Object(Config\Cache), false)
10 SYSTEMPATH\Boot.php(334): CodeIgniter\CodeIgniter->run()
11 SYSTEMPATH\Boot.php(67): CodeIgniter\Boot::runCodeIgniter(Object(CodeIgniter\CodeIgniter))
12 FCPATH\index.php(59): CodeIgniter\Boot::bootWeb(Object(Config\Paths))
CRITICAL - 2025-08-12 16:35:44 --> [Caused by] CodeIgniter\Database\Exceptions\DatabaseException: Le champ 'image' ne peut être vide (null)
in SYSTEMPATH\Database\MySQLi\Connection.php on line 332.
 1 SYSTEMPATH\Database\BaseConnection.php(738): CodeIgniter\Database\MySQLi\Connection->execute('INSERT INTO `expertise` (`titre`, `description`, `image`, `created_at`, `updated_at`) VALUES (\'Expertise\', \'Lorem ipsum dolor sit amet consectetur adipisicing elit. Animi odio vero eveniet cumque commodi doloremque autem tempore inventore quia expedita. Quam, reiciendis dolorem. Vero provident ratione amet maiores in! Rationelle\', NULL, \'2025-08-12 16:35:44\', \'2025-08-12 16:35:44\')')
 2 SYSTEMPATH\Database\BaseConnection.php(652): CodeIgniter\Database\BaseConnection->simpleQuery('INSERT INTO `expertise` (`titre`, `description`, `image`, `created_at`, `updated_at`) VALUES (\'Expertise\', \'Lorem ipsum dolor sit amet consectetur adipisicing elit. Animi odio vero eveniet cumque commodi doloremque autem tempore inventore quia expedita. Quam, reiciendis dolorem. Vero provident ratione amet maiores in! Rationelle\', NULL, \'2025-08-12 16:35:44\', \'2025-08-12 16:35:44\')')
 3 SYSTEMPATH\Database\BaseBuilder.php(2345): CodeIgniter\Database\BaseConnection->query('INSERT INTO `expertise` (`titre`, `description`, `image`, `created_at`, `updated_at`) VALUES (:titre:, :description:, :image:, :created_at:, :updated_at:)', [...], false)
 4 SYSTEMPATH\Model.php(394): CodeIgniter\Database\BaseBuilder->insert()
 5 SYSTEMPATH\BaseModel.php(843): CodeIgniter\Model->doInsert([...])
 6 SYSTEMPATH\Model.php(800): CodeIgniter\BaseModel->insert([...], false)
 7 SYSTEMPATH\BaseModel.php(754): CodeIgniter\Model->insert([...], false)
 8 APPPATH\Controllers\Expertise.php(146): CodeIgniter\BaseModel->save([...])
 9 SYSTEMPATH\CodeIgniter.php(933): App\Controllers\Expertise->update()
10 SYSTEMPATH\CodeIgniter.php(507): CodeIgniter\CodeIgniter->runController(Object(App\Controllers\Expertise))
11 SYSTEMPATH\CodeIgniter.php(354): CodeIgniter\CodeIgniter->handleRequest(null, Object(Config\Cache), false)
12 SYSTEMPATH\Boot.php(334): CodeIgniter\CodeIgniter->run()
13 SYSTEMPATH\Boot.php(67): CodeIgniter\Boot::runCodeIgniter(Object(CodeIgniter\CodeIgniter))
14 FCPATH\index.php(59): CodeIgniter\Boot::bootWeb(Object(Config\Paths))
CRITICAL - 2025-08-12 16:35:44 --> [Caused by] mysqli_sql_exception: Le champ 'image' ne peut être vide (null)
in SYSTEMPATH\Database\MySQLi\Connection.php on line 327.
 1 SYSTEMPATH\Database\MySQLi\Connection.php(327): mysqli->query('INSERT INTO `expertise` (`titre`, `description`, `image`, `created_at`, `updated_at`) VALUES (\'Expertise\', \'Lorem ipsum dolor sit amet consectetur adipisicing elit. Animi odio vero eveniet cumque commodi doloremque autem tempore inventore quia expedita. Quam, reiciendis dolorem. Vero provident ratione amet maiores in! Rationelle\', NULL, \'2025-08-12 16:35:44\', \'2025-08-12 16:35:44\')', 0)
 2 SYSTEMPATH\Database\BaseConnection.php(738): CodeIgniter\Database\MySQLi\Connection->execute('INSERT INTO `expertise` (`titre`, `description`, `image`, `created_at`, `updated_at`) VALUES (\'Expertise\', \'Lorem ipsum dolor sit amet consectetur adipisicing elit. Animi odio vero eveniet cumque commodi doloremque autem tempore inventore quia expedita. Quam, reiciendis dolorem. Vero provident ratione amet maiores in! Rationelle\', NULL, \'2025-08-12 16:35:44\', \'2025-08-12 16:35:44\')')
 3 SYSTEMPATH\Database\BaseConnection.php(652): CodeIgniter\Database\BaseConnection->simpleQuery('INSERT INTO `expertise` (`titre`, `description`, `image`, `created_at`, `updated_at`) VALUES (\'Expertise\', \'Lorem ipsum dolor sit amet consectetur adipisicing elit. Animi odio vero eveniet cumque commodi doloremque autem tempore inventore quia expedita. Quam, reiciendis dolorem. Vero provident ratione amet maiores in! Rationelle\', NULL, \'2025-08-12 16:35:44\', \'2025-08-12 16:35:44\')')
 4 SYSTEMPATH\Database\BaseBuilder.php(2345): CodeIgniter\Database\BaseConnection->query('INSERT INTO `expertise` (`titre`, `description`, `image`, `created_at`, `updated_at`) VALUES (:titre:, :description:, :image:, :created_at:, :updated_at:)', [...], false)
 5 SYSTEMPATH\Model.php(394): CodeIgniter\Database\BaseBuilder->insert()
 6 SYSTEMPATH\BaseModel.php(843): CodeIgniter\Model->doInsert([...])
 7 SYSTEMPATH\Model.php(800): CodeIgniter\BaseModel->insert([...], false)
 8 SYSTEMPATH\BaseModel.php(754): CodeIgniter\Model->insert([...], false)
 9 APPPATH\Controllers\Expertise.php(146): CodeIgniter\BaseModel->save([...])
10 SYSTEMPATH\CodeIgniter.php(933): App\Controllers\Expertise->update()
11 SYSTEMPATH\CodeIgniter.php(507): CodeIgniter\CodeIgniter->runController(Object(App\Controllers\Expertise))
12 SYSTEMPATH\CodeIgniter.php(354): CodeIgniter\CodeIgniter->handleRequest(null, Object(Config\Cache), false)
13 SYSTEMPATH\Boot.php(334): CodeIgniter\CodeIgniter->run()
14 SYSTEMPATH\Boot.php(67): CodeIgniter\Boot::runCodeIgniter(Object(CodeIgniter\CodeIgniter))
15 FCPATH\index.php(59): CodeIgniter\Boot::bootWeb(Object(Config\Paths))
ERROR - 2025-08-12 16:37:13 --> mysqli_sql_exception: Le champ 'image' ne peut être vide (null) in C:\wamp64\www\softio-app\system\Database\MySQLi\Connection.php:327
Stack trace:
#0 C:\wamp64\www\softio-app\system\Database\MySQLi\Connection.php(327): mysqli->query('INSERT INTO `ex...', 0)
#1 C:\wamp64\www\softio-app\system\Database\BaseConnection.php(738): CodeIgniter\Database\MySQLi\Connection->execute('INSERT INTO `ex...')
#2 C:\wamp64\www\softio-app\system\Database\BaseConnection.php(652): CodeIgniter\Database\BaseConnection->simpleQuery('INSERT INTO `ex...')
#3 C:\wamp64\www\softio-app\system\Database\BaseBuilder.php(2345): CodeIgniter\Database\BaseConnection->query('INSERT INTO `ex...', Array, false)
#4 C:\wamp64\www\softio-app\system\Model.php(394): CodeIgniter\Database\BaseBuilder->insert()
#5 C:\wamp64\www\softio-app\system\BaseModel.php(843): CodeIgniter\Model->doInsert(Array)
#6 C:\wamp64\www\softio-app\system\Model.php(800): CodeIgniter\BaseModel->insert(Array, false)
#7 C:\wamp64\www\softio-app\system\BaseModel.php(754): CodeIgniter\Model->insert(Array, false)
#8 C:\wamp64\www\softio-app\app\Controllers\Expertise.php(146): CodeIgniter\BaseModel->save(Array)
#9 C:\wamp64\www\softio-app\system\CodeIgniter.php(933): App\Controllers\Expertise->update()
#10 C:\wamp64\www\softio-app\system\CodeIgniter.php(507): CodeIgniter\CodeIgniter->runController(Object(App\Controllers\Expertise))
#11 C:\wamp64\www\softio-app\system\CodeIgniter.php(354): CodeIgniter\CodeIgniter->handleRequest(NULL, Object(Config\Cache), false)
#12 C:\wamp64\www\softio-app\system\Boot.php(334): CodeIgniter\CodeIgniter->run()
#13 C:\wamp64\www\softio-app\system\Boot.php(67): CodeIgniter\Boot::runCodeIgniter(Object(CodeIgniter\CodeIgniter))
#14 C:\wamp64\www\softio-app\index.php(59): CodeIgniter\Boot::bootWeb(Object(Config\Paths))
#15 {main}
CRITICAL - 2025-08-12 16:37:13 --> CodeIgniter\Database\Exceptions\DatabaseException: Le champ 'image' ne peut être vide (null)
[Method: POST, Route: admin/expertise/update-expertise]
in SYSTEMPATH\Database\BaseConnection.php on line 692.
 1 SYSTEMPATH\Database\BaseBuilder.php(2345): CodeIgniter\Database\BaseConnection->query('INSERT INTO `expertise` (`titre`, `description`, `image`, `created_at`, `updated_at`) VALUES (:titre:, :description:, :image:, :created_at:, :updated_at:)', [...], false)
 2 SYSTEMPATH\Model.php(394): CodeIgniter\Database\BaseBuilder->insert()
 3 SYSTEMPATH\BaseModel.php(843): CodeIgniter\Model->doInsert([...])
 4 SYSTEMPATH\Model.php(800): CodeIgniter\BaseModel->insert([...], false)
 5 SYSTEMPATH\BaseModel.php(754): CodeIgniter\Model->insert([...], false)
 6 APPPATH\Controllers\Expertise.php(146): CodeIgniter\BaseModel->save([...])
 7 SYSTEMPATH\CodeIgniter.php(933): App\Controllers\Expertise->update()
 8 SYSTEMPATH\CodeIgniter.php(507): CodeIgniter\CodeIgniter->runController(Object(App\Controllers\Expertise))
 9 SYSTEMPATH\CodeIgniter.php(354): CodeIgniter\CodeIgniter->handleRequest(null, Object(Config\Cache), false)
10 SYSTEMPATH\Boot.php(334): CodeIgniter\CodeIgniter->run()
11 SYSTEMPATH\Boot.php(67): CodeIgniter\Boot::runCodeIgniter(Object(CodeIgniter\CodeIgniter))
12 FCPATH\index.php(59): CodeIgniter\Boot::bootWeb(Object(Config\Paths))
CRITICAL - 2025-08-12 16:37:13 --> [Caused by] CodeIgniter\Database\Exceptions\DatabaseException: Le champ 'image' ne peut être vide (null)
in SYSTEMPATH\Database\MySQLi\Connection.php on line 332.
 1 SYSTEMPATH\Database\BaseConnection.php(738): CodeIgniter\Database\MySQLi\Connection->execute('INSERT INTO `expertise` (`titre`, `description`, `image`, `created_at`, `updated_at`) VALUES (\'Expertise\', \'Lorem ipsum dolor sit amet consectetur adipisicing elit. Animi odio vero eveniet cumque commodi doloremque autem tempore inventore quia expedita. Quam, reiciendis dolorem. Vero provident ratione amet maiores in! Rationelle\', NULL, \'2025-08-12 16:37:13\', \'2025-08-12 16:37:13\')')
 2 SYSTEMPATH\Database\BaseConnection.php(652): CodeIgniter\Database\BaseConnection->simpleQuery('INSERT INTO `expertise` (`titre`, `description`, `image`, `created_at`, `updated_at`) VALUES (\'Expertise\', \'Lorem ipsum dolor sit amet consectetur adipisicing elit. Animi odio vero eveniet cumque commodi doloremque autem tempore inventore quia expedita. Quam, reiciendis dolorem. Vero provident ratione amet maiores in! Rationelle\', NULL, \'2025-08-12 16:37:13\', \'2025-08-12 16:37:13\')')
 3 SYSTEMPATH\Database\BaseBuilder.php(2345): CodeIgniter\Database\BaseConnection->query('INSERT INTO `expertise` (`titre`, `description`, `image`, `created_at`, `updated_at`) VALUES (:titre:, :description:, :image:, :created_at:, :updated_at:)', [...], false)
 4 SYSTEMPATH\Model.php(394): CodeIgniter\Database\BaseBuilder->insert()
 5 SYSTEMPATH\BaseModel.php(843): CodeIgniter\Model->doInsert([...])
 6 SYSTEMPATH\Model.php(800): CodeIgniter\BaseModel->insert([...], false)
 7 SYSTEMPATH\BaseModel.php(754): CodeIgniter\Model->insert([...], false)
 8 APPPATH\Controllers\Expertise.php(146): CodeIgniter\BaseModel->save([...])
 9 SYSTEMPATH\CodeIgniter.php(933): App\Controllers\Expertise->update()
10 SYSTEMPATH\CodeIgniter.php(507): CodeIgniter\CodeIgniter->runController(Object(App\Controllers\Expertise))
11 SYSTEMPATH\CodeIgniter.php(354): CodeIgniter\CodeIgniter->handleRequest(null, Object(Config\Cache), false)
12 SYSTEMPATH\Boot.php(334): CodeIgniter\CodeIgniter->run()
13 SYSTEMPATH\Boot.php(67): CodeIgniter\Boot::runCodeIgniter(Object(CodeIgniter\CodeIgniter))
14 FCPATH\index.php(59): CodeIgniter\Boot::bootWeb(Object(Config\Paths))
CRITICAL - 2025-08-12 16:37:13 --> [Caused by] mysqli_sql_exception: Le champ 'image' ne peut être vide (null)
in SYSTEMPATH\Database\MySQLi\Connection.php on line 327.
 1 SYSTEMPATH\Database\MySQLi\Connection.php(327): mysqli->query('INSERT INTO `expertise` (`titre`, `description`, `image`, `created_at`, `updated_at`) VALUES (\'Expertise\', \'Lorem ipsum dolor sit amet consectetur adipisicing elit. Animi odio vero eveniet cumque commodi doloremque autem tempore inventore quia expedita. Quam, reiciendis dolorem. Vero provident ratione amet maiores in! Rationelle\', NULL, \'2025-08-12 16:37:13\', \'2025-08-12 16:37:13\')', 0)
 2 SYSTEMPATH\Database\BaseConnection.php(738): CodeIgniter\Database\MySQLi\Connection->execute('INSERT INTO `expertise` (`titre`, `description`, `image`, `created_at`, `updated_at`) VALUES (\'Expertise\', \'Lorem ipsum dolor sit amet consectetur adipisicing elit. Animi odio vero eveniet cumque commodi doloremque autem tempore inventore quia expedita. Quam, reiciendis dolorem. Vero provident ratione amet maiores in! Rationelle\', NULL, \'2025-08-12 16:37:13\', \'2025-08-12 16:37:13\')')
 3 SYSTEMPATH\Database\BaseConnection.php(652): CodeIgniter\Database\BaseConnection->simpleQuery('INSERT INTO `expertise` (`titre`, `description`, `image`, `created_at`, `updated_at`) VALUES (\'Expertise\', \'Lorem ipsum dolor sit amet consectetur adipisicing elit. Animi odio vero eveniet cumque commodi doloremque autem tempore inventore quia expedita. Quam, reiciendis dolorem. Vero provident ratione amet maiores in! Rationelle\', NULL, \'2025-08-12 16:37:13\', \'2025-08-12 16:37:13\')')
 4 SYSTEMPATH\Database\BaseBuilder.php(2345): CodeIgniter\Database\BaseConnection->query('INSERT INTO `expertise` (`titre`, `description`, `image`, `created_at`, `updated_at`) VALUES (:titre:, :description:, :image:, :created_at:, :updated_at:)', [...], false)
 5 SYSTEMPATH\Model.php(394): CodeIgniter\Database\BaseBuilder->insert()
 6 SYSTEMPATH\BaseModel.php(843): CodeIgniter\Model->doInsert([...])
 7 SYSTEMPATH\Model.php(800): CodeIgniter\BaseModel->insert([...], false)
 8 SYSTEMPATH\BaseModel.php(754): CodeIgniter\Model->insert([...], false)
 9 APPPATH\Controllers\Expertise.php(146): CodeIgniter\BaseModel->save([...])
10 SYSTEMPATH\CodeIgniter.php(933): App\Controllers\Expertise->update()
11 SYSTEMPATH\CodeIgniter.php(507): CodeIgniter\CodeIgniter->runController(Object(App\Controllers\Expertise))
12 SYSTEMPATH\CodeIgniter.php(354): CodeIgniter\CodeIgniter->handleRequest(null, Object(Config\Cache), false)
13 SYSTEMPATH\Boot.php(334): CodeIgniter\CodeIgniter->run()
14 SYSTEMPATH\Boot.php(67): CodeIgniter\Boot::runCodeIgniter(Object(CodeIgniter\CodeIgniter))
15 FCPATH\index.php(59): CodeIgniter\Boot::bootWeb(Object(Config\Paths))
DEBUG - 2025-08-12 16:37:17 --> Session: Class initialized using 'CodeIgniter\Session\Handlers\FileHandler' driver.
DEBUG - 2025-08-12 16:37:17 --> Session: Class initialized using 'CodeIgniter\Session\Handlers\FileHandler' driver.
DEBUG - 2025-08-12 16:37:18 --> Session: Class initialized using 'CodeIgniter\Session\Handlers\FileHandler' driver.
DEBUG - 2025-08-12 16:37:19 --> Session: Class initialized using 'CodeIgniter\Session\Handlers\FileHandler' driver.
DEBUG - 2025-08-12 16:37:19 --> Session: Class initialized using 'CodeIgniter\Session\Handlers\FileHandler' driver.
DEBUG - 2025-08-12 16:37:19 --> Session: Class initialized using 'CodeIgniter\Session\Handlers\FileHandler' driver.
ERROR - 2025-08-12 16:37:38 --> mysqli_sql_exception: Le champ 'image' ne peut être vide (null) in C:\wamp64\www\softio-app\system\Database\MySQLi\Connection.php:327
Stack trace:
#0 C:\wamp64\www\softio-app\system\Database\MySQLi\Connection.php(327): mysqli->query('INSERT INTO `ex...', 0)
#1 C:\wamp64\www\softio-app\system\Database\BaseConnection.php(738): CodeIgniter\Database\MySQLi\Connection->execute('INSERT INTO `ex...')
#2 C:\wamp64\www\softio-app\system\Database\BaseConnection.php(652): CodeIgniter\Database\BaseConnection->simpleQuery('INSERT INTO `ex...')
#3 C:\wamp64\www\softio-app\system\Database\BaseBuilder.php(2345): CodeIgniter\Database\BaseConnection->query('INSERT INTO `ex...', Array, false)
#4 C:\wamp64\www\softio-app\system\Model.php(394): CodeIgniter\Database\BaseBuilder->insert()
#5 C:\wamp64\www\softio-app\system\BaseModel.php(843): CodeIgniter\Model->doInsert(Array)
#6 C:\wamp64\www\softio-app\system\Model.php(800): CodeIgniter\BaseModel->insert(Array, false)
#7 C:\wamp64\www\softio-app\system\BaseModel.php(754): CodeIgniter\Model->insert(Array, false)
#8 C:\wamp64\www\softio-app\app\Controllers\Expertise.php(146): CodeIgniter\BaseModel->save(Array)
#9 C:\wamp64\www\softio-app\system\CodeIgniter.php(933): App\Controllers\Expertise->update()
#10 C:\wamp64\www\softio-app\system\CodeIgniter.php(507): CodeIgniter\CodeIgniter->runController(Object(App\Controllers\Expertise))
#11 C:\wamp64\www\softio-app\system\CodeIgniter.php(354): CodeIgniter\CodeIgniter->handleRequest(NULL, Object(Config\Cache), false)
#12 C:\wamp64\www\softio-app\system\Boot.php(334): CodeIgniter\CodeIgniter->run()
#13 C:\wamp64\www\softio-app\system\Boot.php(67): CodeIgniter\Boot::runCodeIgniter(Object(CodeIgniter\CodeIgniter))
#14 C:\wamp64\www\softio-app\index.php(59): CodeIgniter\Boot::bootWeb(Object(Config\Paths))
#15 {main}
CRITICAL - 2025-08-12 16:37:38 --> CodeIgniter\Database\Exceptions\DatabaseException: Le champ 'image' ne peut être vide (null)
[Method: POST, Route: admin/expertise/update-expertise]
in SYSTEMPATH\Database\BaseConnection.php on line 692.
 1 SYSTEMPATH\Database\BaseBuilder.php(2345): CodeIgniter\Database\BaseConnection->query('INSERT INTO `expertise` (`titre`, `description`, `image`, `created_at`, `updated_at`) VALUES (:titre:, :description:, :image:, :created_at:, :updated_at:)', [...], false)
 2 SYSTEMPATH\Model.php(394): CodeIgniter\Database\BaseBuilder->insert()
 3 SYSTEMPATH\BaseModel.php(843): CodeIgniter\Model->doInsert([...])
 4 SYSTEMPATH\Model.php(800): CodeIgniter\BaseModel->insert([...], false)
 5 SYSTEMPATH\BaseModel.php(754): CodeIgniter\Model->insert([...], false)
 6 APPPATH\Controllers\Expertise.php(146): CodeIgniter\BaseModel->save([...])
 7 SYSTEMPATH\CodeIgniter.php(933): App\Controllers\Expertise->update()
 8 SYSTEMPATH\CodeIgniter.php(507): CodeIgniter\CodeIgniter->runController(Object(App\Controllers\Expertise))
 9 SYSTEMPATH\CodeIgniter.php(354): CodeIgniter\CodeIgniter->handleRequest(null, Object(Config\Cache), false)
10 SYSTEMPATH\Boot.php(334): CodeIgniter\CodeIgniter->run()
11 SYSTEMPATH\Boot.php(67): CodeIgniter\Boot::runCodeIgniter(Object(CodeIgniter\CodeIgniter))
12 FCPATH\index.php(59): CodeIgniter\Boot::bootWeb(Object(Config\Paths))
CRITICAL - 2025-08-12 16:37:38 --> [Caused by] CodeIgniter\Database\Exceptions\DatabaseException: Le champ 'image' ne peut être vide (null)
in SYSTEMPATH\Database\MySQLi\Connection.php on line 332.
 1 SYSTEMPATH\Database\BaseConnection.php(738): CodeIgniter\Database\MySQLi\Connection->execute('INSERT INTO `expertise` (`titre`, `description`, `image`, `created_at`, `updated_at`) VALUES (\'Expertise\', \'Lorem ipsum dolor sit amet consectetur adipisicing elit. Animi odio vero eveniet cumque commodi doloremque autem tempore inventore quia expedita. Quam, reiciendis dolorem. Vero provident ratione amet maiores in! Rationelle\', NULL, \'2025-08-12 16:37:38\', \'2025-08-12 16:37:38\')')
 2 SYSTEMPATH\Database\BaseConnection.php(652): CodeIgniter\Database\BaseConnection->simpleQuery('INSERT INTO `expertise` (`titre`, `description`, `image`, `created_at`, `updated_at`) VALUES (\'Expertise\', \'Lorem ipsum dolor sit amet consectetur adipisicing elit. Animi odio vero eveniet cumque commodi doloremque autem tempore inventore quia expedita. Quam, reiciendis dolorem. Vero provident ratione amet maiores in! Rationelle\', NULL, \'2025-08-12 16:37:38\', \'2025-08-12 16:37:38\')')
 3 SYSTEMPATH\Database\BaseBuilder.php(2345): CodeIgniter\Database\BaseConnection->query('INSERT INTO `expertise` (`titre`, `description`, `image`, `created_at`, `updated_at`) VALUES (:titre:, :description:, :image:, :created_at:, :updated_at:)', [...], false)
 4 SYSTEMPATH\Model.php(394): CodeIgniter\Database\BaseBuilder->insert()
 5 SYSTEMPATH\BaseModel.php(843): CodeIgniter\Model->doInsert([...])
 6 SYSTEMPATH\Model.php(800): CodeIgniter\BaseModel->insert([...], false)
 7 SYSTEMPATH\BaseModel.php(754): CodeIgniter\Model->insert([...], false)
 8 APPPATH\Controllers\Expertise.php(146): CodeIgniter\BaseModel->save([...])
 9 SYSTEMPATH\CodeIgniter.php(933): App\Controllers\Expertise->update()
10 SYSTEMPATH\CodeIgniter.php(507): CodeIgniter\CodeIgniter->runController(Object(App\Controllers\Expertise))
11 SYSTEMPATH\CodeIgniter.php(354): CodeIgniter\CodeIgniter->handleRequest(null, Object(Config\Cache), false)
12 SYSTEMPATH\Boot.php(334): CodeIgniter\CodeIgniter->run()
13 SYSTEMPATH\Boot.php(67): CodeIgniter\Boot::runCodeIgniter(Object(CodeIgniter\CodeIgniter))
14 FCPATH\index.php(59): CodeIgniter\Boot::bootWeb(Object(Config\Paths))
CRITICAL - 2025-08-12 16:37:38 --> [Caused by] mysqli_sql_exception: Le champ 'image' ne peut être vide (null)
in SYSTEMPATH\Database\MySQLi\Connection.php on line 327.
 1 SYSTEMPATH\Database\MySQLi\Connection.php(327): mysqli->query('INSERT INTO `expertise` (`titre`, `description`, `image`, `created_at`, `updated_at`) VALUES (\'Expertise\', \'Lorem ipsum dolor sit amet consectetur adipisicing elit. Animi odio vero eveniet cumque commodi doloremque autem tempore inventore quia expedita. Quam, reiciendis dolorem. Vero provident ratione amet maiores in! Rationelle\', NULL, \'2025-08-12 16:37:38\', \'2025-08-12 16:37:38\')', 0)
 2 SYSTEMPATH\Database\BaseConnection.php(738): CodeIgniter\Database\MySQLi\Connection->execute('INSERT INTO `expertise` (`titre`, `description`, `image`, `created_at`, `updated_at`) VALUES (\'Expertise\', \'Lorem ipsum dolor sit amet consectetur adipisicing elit. Animi odio vero eveniet cumque commodi doloremque autem tempore inventore quia expedita. Quam, reiciendis dolorem. Vero provident ratione amet maiores in! Rationelle\', NULL, \'2025-08-12 16:37:38\', \'2025-08-12 16:37:38\')')
 3 SYSTEMPATH\Database\BaseConnection.php(652): CodeIgniter\Database\BaseConnection->simpleQuery('INSERT INTO `expertise` (`titre`, `description`, `image`, `created_at`, `updated_at`) VALUES (\'Expertise\', \'Lorem ipsum dolor sit amet consectetur adipisicing elit. Animi odio vero eveniet cumque commodi doloremque autem tempore inventore quia expedita. Quam, reiciendis dolorem. Vero provident ratione amet maiores in! Rationelle\', NULL, \'2025-08-12 16:37:38\', \'2025-08-12 16:37:38\')')
 4 SYSTEMPATH\Database\BaseBuilder.php(2345): CodeIgniter\Database\BaseConnection->query('INSERT INTO `expertise` (`titre`, `description`, `image`, `created_at`, `updated_at`) VALUES (:titre:, :description:, :image:, :created_at:, :updated_at:)', [...], false)
 5 SYSTEMPATH\Model.php(394): CodeIgniter\Database\BaseBuilder->insert()
 6 SYSTEMPATH\BaseModel.php(843): CodeIgniter\Model->doInsert([...])
 7 SYSTEMPATH\Model.php(800): CodeIgniter\BaseModel->insert([...], false)
 8 SYSTEMPATH\BaseModel.php(754): CodeIgniter\Model->insert([...], false)
 9 APPPATH\Controllers\Expertise.php(146): CodeIgniter\BaseModel->save([...])
10 SYSTEMPATH\CodeIgniter.php(933): App\Controllers\Expertise->update()
11 SYSTEMPATH\CodeIgniter.php(507): CodeIgniter\CodeIgniter->runController(Object(App\Controllers\Expertise))
12 SYSTEMPATH\CodeIgniter.php(354): CodeIgniter\CodeIgniter->handleRequest(null, Object(Config\Cache), false)
13 SYSTEMPATH\Boot.php(334): CodeIgniter\CodeIgniter->run()
14 SYSTEMPATH\Boot.php(67): CodeIgniter\Boot::runCodeIgniter(Object(CodeIgniter\CodeIgniter))
15 FCPATH\index.php(59): CodeIgniter\Boot::bootWeb(Object(Config\Paths))
ERROR - 2025-08-12 16:39:07 --> mysqli_sql_exception: Le champ 'image' ne peut être vide (null) in C:\wamp64\www\softio-app\system\Database\MySQLi\Connection.php:327
Stack trace:
#0 C:\wamp64\www\softio-app\system\Database\MySQLi\Connection.php(327): mysqli->query('INSERT INTO `ex...', 0)
#1 C:\wamp64\www\softio-app\system\Database\BaseConnection.php(738): CodeIgniter\Database\MySQLi\Connection->execute('INSERT INTO `ex...')
#2 C:\wamp64\www\softio-app\system\Database\BaseConnection.php(652): CodeIgniter\Database\BaseConnection->simpleQuery('INSERT INTO `ex...')
#3 C:\wamp64\www\softio-app\system\Database\BaseBuilder.php(2345): CodeIgniter\Database\BaseConnection->query('INSERT INTO `ex...', Array, false)
#4 C:\wamp64\www\softio-app\system\Model.php(394): CodeIgniter\Database\BaseBuilder->insert()
#5 C:\wamp64\www\softio-app\system\BaseModel.php(843): CodeIgniter\Model->doInsert(Array)
#6 C:\wamp64\www\softio-app\system\Model.php(800): CodeIgniter\BaseModel->insert(Array, false)
#7 C:\wamp64\www\softio-app\system\BaseModel.php(754): CodeIgniter\Model->insert(Array, false)
#8 C:\wamp64\www\softio-app\app\Controllers\Expertise.php(146): CodeIgniter\BaseModel->save(Array)
#9 C:\wamp64\www\softio-app\system\CodeIgniter.php(933): App\Controllers\Expertise->update()
#10 C:\wamp64\www\softio-app\system\CodeIgniter.php(507): CodeIgniter\CodeIgniter->runController(Object(App\Controllers\Expertise))
#11 C:\wamp64\www\softio-app\system\CodeIgniter.php(354): CodeIgniter\CodeIgniter->handleRequest(NULL, Object(Config\Cache), false)
#12 C:\wamp64\www\softio-app\system\Boot.php(334): CodeIgniter\CodeIgniter->run()
#13 C:\wamp64\www\softio-app\system\Boot.php(67): CodeIgniter\Boot::runCodeIgniter(Object(CodeIgniter\CodeIgniter))
#14 C:\wamp64\www\softio-app\index.php(59): CodeIgniter\Boot::bootWeb(Object(Config\Paths))
#15 {main}
CRITICAL - 2025-08-12 16:39:07 --> CodeIgniter\Database\Exceptions\DatabaseException: Le champ 'image' ne peut être vide (null)
[Method: POST, Route: admin/expertise/update-expertise]
in SYSTEMPATH\Database\BaseConnection.php on line 692.
 1 SYSTEMPATH\Database\BaseBuilder.php(2345): CodeIgniter\Database\BaseConnection->query('INSERT INTO `expertise` (`titre`, `description`, `image`, `created_at`, `updated_at`) VALUES (:titre:, :description:, :image:, :created_at:, :updated_at:)', [...], false)
 2 SYSTEMPATH\Model.php(394): CodeIgniter\Database\BaseBuilder->insert()
 3 SYSTEMPATH\BaseModel.php(843): CodeIgniter\Model->doInsert([...])
 4 SYSTEMPATH\Model.php(800): CodeIgniter\BaseModel->insert([...], false)
 5 SYSTEMPATH\BaseModel.php(754): CodeIgniter\Model->insert([...], false)
 6 APPPATH\Controllers\Expertise.php(146): CodeIgniter\BaseModel->save([...])
 7 SYSTEMPATH\CodeIgniter.php(933): App\Controllers\Expertise->update()
 8 SYSTEMPATH\CodeIgniter.php(507): CodeIgniter\CodeIgniter->runController(Object(App\Controllers\Expertise))
 9 SYSTEMPATH\CodeIgniter.php(354): CodeIgniter\CodeIgniter->handleRequest(null, Object(Config\Cache), false)
10 SYSTEMPATH\Boot.php(334): CodeIgniter\CodeIgniter->run()
11 SYSTEMPATH\Boot.php(67): CodeIgniter\Boot::runCodeIgniter(Object(CodeIgniter\CodeIgniter))
12 FCPATH\index.php(59): CodeIgniter\Boot::bootWeb(Object(Config\Paths))
CRITICAL - 2025-08-12 16:39:07 --> [Caused by] CodeIgniter\Database\Exceptions\DatabaseException: Le champ 'image' ne peut être vide (null)
in SYSTEMPATH\Database\MySQLi\Connection.php on line 332.
 1 SYSTEMPATH\Database\BaseConnection.php(738): CodeIgniter\Database\MySQLi\Connection->execute('INSERT INTO `expertise` (`titre`, `description`, `image`, `created_at`, `updated_at`) VALUES (\'Expertise\', \'Lorem ipsum dolor sit amet consectetur adipisicing elit. Animi odio vero eveniet cumque commodi doloremque autem tempore inventore quia expedita. Quam, reiciendis dolorem. Vero provident ratione amet maiores in! Rationelle\', NULL, \'2025-08-12 16:39:07\', \'2025-08-12 16:39:07\')')
 2 SYSTEMPATH\Database\BaseConnection.php(652): CodeIgniter\Database\BaseConnection->simpleQuery('INSERT INTO `expertise` (`titre`, `description`, `image`, `created_at`, `updated_at`) VALUES (\'Expertise\', \'Lorem ipsum dolor sit amet consectetur adipisicing elit. Animi odio vero eveniet cumque commodi doloremque autem tempore inventore quia expedita. Quam, reiciendis dolorem. Vero provident ratione amet maiores in! Rationelle\', NULL, \'2025-08-12 16:39:07\', \'2025-08-12 16:39:07\')')
 3 SYSTEMPATH\Database\BaseBuilder.php(2345): CodeIgniter\Database\BaseConnection->query('INSERT INTO `expertise` (`titre`, `description`, `image`, `created_at`, `updated_at`) VALUES (:titre:, :description:, :image:, :created_at:, :updated_at:)', [...], false)
 4 SYSTEMPATH\Model.php(394): CodeIgniter\Database\BaseBuilder->insert()
 5 SYSTEMPATH\BaseModel.php(843): CodeIgniter\Model->doInsert([...])
 6 SYSTEMPATH\Model.php(800): CodeIgniter\BaseModel->insert([...], false)
 7 SYSTEMPATH\BaseModel.php(754): CodeIgniter\Model->insert([...], false)
 8 APPPATH\Controllers\Expertise.php(146): CodeIgniter\BaseModel->save([...])
 9 SYSTEMPATH\CodeIgniter.php(933): App\Controllers\Expertise->update()
10 SYSTEMPATH\CodeIgniter.php(507): CodeIgniter\CodeIgniter->runController(Object(App\Controllers\Expertise))
11 SYSTEMPATH\CodeIgniter.php(354): CodeIgniter\CodeIgniter->handleRequest(null, Object(Config\Cache), false)
12 SYSTEMPATH\Boot.php(334): CodeIgniter\CodeIgniter->run()
13 SYSTEMPATH\Boot.php(67): CodeIgniter\Boot::runCodeIgniter(Object(CodeIgniter\CodeIgniter))
14 FCPATH\index.php(59): CodeIgniter\Boot::bootWeb(Object(Config\Paths))
CRITICAL - 2025-08-12 16:39:07 --> [Caused by] mysqli_sql_exception: Le champ 'image' ne peut être vide (null)
in SYSTEMPATH\Database\MySQLi\Connection.php on line 327.
 1 SYSTEMPATH\Database\MySQLi\Connection.php(327): mysqli->query('INSERT INTO `expertise` (`titre`, `description`, `image`, `created_at`, `updated_at`) VALUES (\'Expertise\', \'Lorem ipsum dolor sit amet consectetur adipisicing elit. Animi odio vero eveniet cumque commodi doloremque autem tempore inventore quia expedita. Quam, reiciendis dolorem. Vero provident ratione amet maiores in! Rationelle\', NULL, \'2025-08-12 16:39:07\', \'2025-08-12 16:39:07\')', 0)
 2 SYSTEMPATH\Database\BaseConnection.php(738): CodeIgniter\Database\MySQLi\Connection->execute('INSERT INTO `expertise` (`titre`, `description`, `image`, `created_at`, `updated_at`) VALUES (\'Expertise\', \'Lorem ipsum dolor sit amet consectetur adipisicing elit. Animi odio vero eveniet cumque commodi doloremque autem tempore inventore quia expedita. Quam, reiciendis dolorem. Vero provident ratione amet maiores in! Rationelle\', NULL, \'2025-08-12 16:39:07\', \'2025-08-12 16:39:07\')')
 3 SYSTEMPATH\Database\BaseConnection.php(652): CodeIgniter\Database\BaseConnection->simpleQuery('INSERT INTO `expertise` (`titre`, `description`, `image`, `created_at`, `updated_at`) VALUES (\'Expertise\', \'Lorem ipsum dolor sit amet consectetur adipisicing elit. Animi odio vero eveniet cumque commodi doloremque autem tempore inventore quia expedita. Quam, reiciendis dolorem. Vero provident ratione amet maiores in! Rationelle\', NULL, \'2025-08-12 16:39:07\', \'2025-08-12 16:39:07\')')
 4 SYSTEMPATH\Database\BaseBuilder.php(2345): CodeIgniter\Database\BaseConnection->query('INSERT INTO `expertise` (`titre`, `description`, `image`, `created_at`, `updated_at`) VALUES (:titre:, :description:, :image:, :created_at:, :updated_at:)', [...], false)
 5 SYSTEMPATH\Model.php(394): CodeIgniter\Database\BaseBuilder->insert()
 6 SYSTEMPATH\BaseModel.php(843): CodeIgniter\Model->doInsert([...])
 7 SYSTEMPATH\Model.php(800): CodeIgniter\BaseModel->insert([...], false)
 8 SYSTEMPATH\BaseModel.php(754): CodeIgniter\Model->insert([...], false)
 9 APPPATH\Controllers\Expertise.php(146): CodeIgniter\BaseModel->save([...])
10 SYSTEMPATH\CodeIgniter.php(933): App\Controllers\Expertise->update()
11 SYSTEMPATH\CodeIgniter.php(507): CodeIgniter\CodeIgniter->runController(Object(App\Controllers\Expertise))
12 SYSTEMPATH\CodeIgniter.php(354): CodeIgniter\CodeIgniter->handleRequest(null, Object(Config\Cache), false)
13 SYSTEMPATH\Boot.php(334): CodeIgniter\CodeIgniter->run()
14 SYSTEMPATH\Boot.php(67): CodeIgniter\Boot::runCodeIgniter(Object(CodeIgniter\CodeIgniter))
15 FCPATH\index.php(59): CodeIgniter\Boot::bootWeb(Object(Config\Paths))
ERROR - 2025-08-12 16:40:35 --> mysqli_sql_exception: Le champ 'image' ne peut être vide (null) in C:\wamp64\www\softio-app\system\Database\MySQLi\Connection.php:327
Stack trace:
#0 C:\wamp64\www\softio-app\system\Database\MySQLi\Connection.php(327): mysqli->query('INSERT INTO `ex...', 0)
#1 C:\wamp64\www\softio-app\system\Database\BaseConnection.php(738): CodeIgniter\Database\MySQLi\Connection->execute('INSERT INTO `ex...')
#2 C:\wamp64\www\softio-app\system\Database\BaseConnection.php(652): CodeIgniter\Database\BaseConnection->simpleQuery('INSERT INTO `ex...')
#3 C:\wamp64\www\softio-app\system\Database\BaseBuilder.php(2345): CodeIgniter\Database\BaseConnection->query('INSERT INTO `ex...', Array, false)
#4 C:\wamp64\www\softio-app\system\Model.php(394): CodeIgniter\Database\BaseBuilder->insert()
#5 C:\wamp64\www\softio-app\system\BaseModel.php(843): CodeIgniter\Model->doInsert(Array)
#6 C:\wamp64\www\softio-app\system\Model.php(800): CodeIgniter\BaseModel->insert(Array, false)
#7 C:\wamp64\www\softio-app\system\BaseModel.php(754): CodeIgniter\Model->insert(Array, false)
#8 C:\wamp64\www\softio-app\app\Controllers\Expertise.php(146): CodeIgniter\BaseModel->save(Array)
#9 C:\wamp64\www\softio-app\system\CodeIgniter.php(933): App\Controllers\Expertise->update()
#10 C:\wamp64\www\softio-app\system\CodeIgniter.php(507): CodeIgniter\CodeIgniter->runController(Object(App\Controllers\Expertise))
#11 C:\wamp64\www\softio-app\system\CodeIgniter.php(354): CodeIgniter\CodeIgniter->handleRequest(NULL, Object(Config\Cache), false)
#12 C:\wamp64\www\softio-app\system\Boot.php(334): CodeIgniter\CodeIgniter->run()
#13 C:\wamp64\www\softio-app\system\Boot.php(67): CodeIgniter\Boot::runCodeIgniter(Object(CodeIgniter\CodeIgniter))
#14 C:\wamp64\www\softio-app\index.php(59): CodeIgniter\Boot::bootWeb(Object(Config\Paths))
#15 {main}
CRITICAL - 2025-08-12 16:40:35 --> CodeIgniter\Database\Exceptions\DatabaseException: Le champ 'image' ne peut être vide (null)
[Method: POST, Route: admin/expertise/update-expertise]
in SYSTEMPATH\Database\BaseConnection.php on line 692.
 1 SYSTEMPATH\Database\BaseBuilder.php(2345): CodeIgniter\Database\BaseConnection->query('INSERT INTO `expertise` (`titre`, `description`, `image`, `created_at`, `updated_at`) VALUES (:titre:, :description:, :image:, :created_at:, :updated_at:)', [...], false)
 2 SYSTEMPATH\Model.php(394): CodeIgniter\Database\BaseBuilder->insert()
 3 SYSTEMPATH\BaseModel.php(843): CodeIgniter\Model->doInsert([...])
 4 SYSTEMPATH\Model.php(800): CodeIgniter\BaseModel->insert([...], false)
 5 SYSTEMPATH\BaseModel.php(754): CodeIgniter\Model->insert([...], false)
 6 APPPATH\Controllers\Expertise.php(146): CodeIgniter\BaseModel->save([...])
 7 SYSTEMPATH\CodeIgniter.php(933): App\Controllers\Expertise->update()
 8 SYSTEMPATH\CodeIgniter.php(507): CodeIgniter\CodeIgniter->runController(Object(App\Controllers\Expertise))
 9 SYSTEMPATH\CodeIgniter.php(354): CodeIgniter\CodeIgniter->handleRequest(null, Object(Config\Cache), false)
10 SYSTEMPATH\Boot.php(334): CodeIgniter\CodeIgniter->run()
11 SYSTEMPATH\Boot.php(67): CodeIgniter\Boot::runCodeIgniter(Object(CodeIgniter\CodeIgniter))
12 FCPATH\index.php(59): CodeIgniter\Boot::bootWeb(Object(Config\Paths))
CRITICAL - 2025-08-12 16:40:35 --> [Caused by] CodeIgniter\Database\Exceptions\DatabaseException: Le champ 'image' ne peut être vide (null)
in SYSTEMPATH\Database\MySQLi\Connection.php on line 332.
 1 SYSTEMPATH\Database\BaseConnection.php(738): CodeIgniter\Database\MySQLi\Connection->execute('INSERT INTO `expertise` (`titre`, `description`, `image`, `created_at`, `updated_at`) VALUES (\'Expertise\', \'Lorem ipsum dolor sit amet consectetur adipisicing elit. Animi odio vero eveniet cumque commodi doloremque autem tempore inventore quia expedita. Quam, reiciendis dolorem. Vero provident ratione amet maiores in! Ratione.\', NULL, \'2025-08-12 16:40:35\', \'2025-08-12 16:40:35\')')
 2 SYSTEMPATH\Database\BaseConnection.php(652): CodeIgniter\Database\BaseConnection->simpleQuery('INSERT INTO `expertise` (`titre`, `description`, `image`, `created_at`, `updated_at`) VALUES (\'Expertise\', \'Lorem ipsum dolor sit amet consectetur adipisicing elit. Animi odio vero eveniet cumque commodi doloremque autem tempore inventore quia expedita. Quam, reiciendis dolorem. Vero provident ratione amet maiores in! Ratione.\', NULL, \'2025-08-12 16:40:35\', \'2025-08-12 16:40:35\')')
 3 SYSTEMPATH\Database\BaseBuilder.php(2345): CodeIgniter\Database\BaseConnection->query('INSERT INTO `expertise` (`titre`, `description`, `image`, `created_at`, `updated_at`) VALUES (:titre:, :description:, :image:, :created_at:, :updated_at:)', [...], false)
 4 SYSTEMPATH\Model.php(394): CodeIgniter\Database\BaseBuilder->insert()
 5 SYSTEMPATH\BaseModel.php(843): CodeIgniter\Model->doInsert([...])
 6 SYSTEMPATH\Model.php(800): CodeIgniter\BaseModel->insert([...], false)
 7 SYSTEMPATH\BaseModel.php(754): CodeIgniter\Model->insert([...], false)
 8 APPPATH\Controllers\Expertise.php(146): CodeIgniter\BaseModel->save([...])
 9 SYSTEMPATH\CodeIgniter.php(933): App\Controllers\Expertise->update()
10 SYSTEMPATH\CodeIgniter.php(507): CodeIgniter\CodeIgniter->runController(Object(App\Controllers\Expertise))
11 SYSTEMPATH\CodeIgniter.php(354): CodeIgniter\CodeIgniter->handleRequest(null, Object(Config\Cache), false)
12 SYSTEMPATH\Boot.php(334): CodeIgniter\CodeIgniter->run()
13 SYSTEMPATH\Boot.php(67): CodeIgniter\Boot::runCodeIgniter(Object(CodeIgniter\CodeIgniter))
14 FCPATH\index.php(59): CodeIgniter\Boot::bootWeb(Object(Config\Paths))
CRITICAL - 2025-08-12 16:40:35 --> [Caused by] mysqli_sql_exception: Le champ 'image' ne peut être vide (null)
in SYSTEMPATH\Database\MySQLi\Connection.php on line 327.
 1 SYSTEMPATH\Database\MySQLi\Connection.php(327): mysqli->query('INSERT INTO `expertise` (`titre`, `description`, `image`, `created_at`, `updated_at`) VALUES (\'Expertise\', \'Lorem ipsum dolor sit amet consectetur adipisicing elit. Animi odio vero eveniet cumque commodi doloremque autem tempore inventore quia expedita. Quam, reiciendis dolorem. Vero provident ratione amet maiores in! Ratione.\', NULL, \'2025-08-12 16:40:35\', \'2025-08-12 16:40:35\')', 0)
 2 SYSTEMPATH\Database\BaseConnection.php(738): CodeIgniter\Database\MySQLi\Connection->execute('INSERT INTO `expertise` (`titre`, `description`, `image`, `created_at`, `updated_at`) VALUES (\'Expertise\', \'Lorem ipsum dolor sit amet consectetur adipisicing elit. Animi odio vero eveniet cumque commodi doloremque autem tempore inventore quia expedita. Quam, reiciendis dolorem. Vero provident ratione amet maiores in! Ratione.\', NULL, \'2025-08-12 16:40:35\', \'2025-08-12 16:40:35\')')
 3 SYSTEMPATH\Database\BaseConnection.php(652): CodeIgniter\Database\BaseConnection->simpleQuery('INSERT INTO `expertise` (`titre`, `description`, `image`, `created_at`, `updated_at`) VALUES (\'Expertise\', \'Lorem ipsum dolor sit amet consectetur adipisicing elit. Animi odio vero eveniet cumque commodi doloremque autem tempore inventore quia expedita. Quam, reiciendis dolorem. Vero provident ratione amet maiores in! Ratione.\', NULL, \'2025-08-12 16:40:35\', \'2025-08-12 16:40:35\')')
 4 SYSTEMPATH\Database\BaseBuilder.php(2345): CodeIgniter\Database\BaseConnection->query('INSERT INTO `expertise` (`titre`, `description`, `image`, `created_at`, `updated_at`) VALUES (:titre:, :description:, :image:, :created_at:, :updated_at:)', [...], false)
 5 SYSTEMPATH\Model.php(394): CodeIgniter\Database\BaseBuilder->insert()
 6 SYSTEMPATH\BaseModel.php(843): CodeIgniter\Model->doInsert([...])
 7 SYSTEMPATH\Model.php(800): CodeIgniter\BaseModel->insert([...], false)
 8 SYSTEMPATH\BaseModel.php(754): CodeIgniter\Model->insert([...], false)
 9 APPPATH\Controllers\Expertise.php(146): CodeIgniter\BaseModel->save([...])
10 SYSTEMPATH\CodeIgniter.php(933): App\Controllers\Expertise->update()
11 SYSTEMPATH\CodeIgniter.php(507): CodeIgniter\CodeIgniter->runController(Object(App\Controllers\Expertise))
12 SYSTEMPATH\CodeIgniter.php(354): CodeIgniter\CodeIgniter->handleRequest(null, Object(Config\Cache), false)
13 SYSTEMPATH\Boot.php(334): CodeIgniter\CodeIgniter->run()
14 SYSTEMPATH\Boot.php(67): CodeIgniter\Boot::runCodeIgniter(Object(CodeIgniter\CodeIgniter))
15 FCPATH\index.php(59): CodeIgniter\Boot::bootWeb(Object(Config\Paths))
DEBUG - 2025-08-12 16:40:46 --> Session: Class initialized using 'CodeIgniter\Session\Handlers\FileHandler' driver.
DEBUG - 2025-08-12 16:40:46 --> Session: Class initialized using 'CodeIgniter\Session\Handlers\FileHandler' driver.
DEBUG - 2025-08-12 16:41:12 --> Session: Class initialized using 'CodeIgniter\Session\Handlers\FileHandler' driver.
DEBUG - 2025-08-12 16:41:12 --> Session: Class initialized using 'CodeIgniter\Session\Handlers\FileHandler' driver.
DEBUG - 2025-08-12 16:41:15 --> Session: Class initialized using 'CodeIgniter\Session\Handlers\FileHandler' driver.
DEBUG - 2025-08-12 16:41:15 --> Session: Class initialized using 'CodeIgniter\Session\Handlers\FileHandler' driver.
DEBUG - 2025-08-12 16:41:34 --> Session: Class initialized using 'CodeIgniter\Session\Handlers\FileHandler' driver.
DEBUG - 2025-08-12 16:41:34 --> Session: Class initialized using 'CodeIgniter\Session\Handlers\FileHandler' driver.
ERROR - 2025-08-12 16:42:12 --> mysqli_sql_exception: Le champ 'image' ne peut être vide (null) in C:\wamp64\www\softio-app\system\Database\MySQLi\Connection.php:327
Stack trace:
#0 C:\wamp64\www\softio-app\system\Database\MySQLi\Connection.php(327): mysqli->query('INSERT INTO `ex...', 0)
#1 C:\wamp64\www\softio-app\system\Database\BaseConnection.php(738): CodeIgniter\Database\MySQLi\Connection->execute('INSERT INTO `ex...')
#2 C:\wamp64\www\softio-app\system\Database\BaseConnection.php(652): CodeIgniter\Database\BaseConnection->simpleQuery('INSERT INTO `ex...')
#3 C:\wamp64\www\softio-app\system\Database\BaseBuilder.php(2345): CodeIgniter\Database\BaseConnection->query('INSERT INTO `ex...', Array, false)
#4 C:\wamp64\www\softio-app\system\Model.php(394): CodeIgniter\Database\BaseBuilder->insert()
#5 C:\wamp64\www\softio-app\system\BaseModel.php(843): CodeIgniter\Model->doInsert(Array)
#6 C:\wamp64\www\softio-app\system\Model.php(800): CodeIgniter\BaseModel->insert(Array, false)
#7 C:\wamp64\www\softio-app\system\BaseModel.php(754): CodeIgniter\Model->insert(Array, false)
#8 C:\wamp64\www\softio-app\app\Controllers\Expertise.php(146): CodeIgniter\BaseModel->save(Array)
#9 C:\wamp64\www\softio-app\system\CodeIgniter.php(933): App\Controllers\Expertise->update()
#10 C:\wamp64\www\softio-app\system\CodeIgniter.php(507): CodeIgniter\CodeIgniter->runController(Object(App\Controllers\Expertise))
#11 C:\wamp64\www\softio-app\system\CodeIgniter.php(354): CodeIgniter\CodeIgniter->handleRequest(NULL, Object(Config\Cache), false)
#12 C:\wamp64\www\softio-app\system\Boot.php(334): CodeIgniter\CodeIgniter->run()
#13 C:\wamp64\www\softio-app\system\Boot.php(67): CodeIgniter\Boot::runCodeIgniter(Object(CodeIgniter\CodeIgniter))
#14 C:\wamp64\www\softio-app\index.php(59): CodeIgniter\Boot::bootWeb(Object(Config\Paths))
#15 {main}
CRITICAL - 2025-08-12 16:42:12 --> CodeIgniter\Database\Exceptions\DatabaseException: Le champ 'image' ne peut être vide (null)
[Method: POST, Route: admin/expertise/update-expertise]
in SYSTEMPATH\Database\BaseConnection.php on line 692.
 1 SYSTEMPATH\Database\BaseBuilder.php(2345): CodeIgniter\Database\BaseConnection->query('INSERT INTO `expertise` (`titre`, `description`, `image`, `created_at`, `updated_at`) VALUES (:titre:, :description:, :image:, :created_at:, :updated_at:)', [...], false)
 2 SYSTEMPATH\Model.php(394): CodeIgniter\Database\BaseBuilder->insert()
 3 SYSTEMPATH\BaseModel.php(843): CodeIgniter\Model->doInsert([...])
 4 SYSTEMPATH\Model.php(800): CodeIgniter\BaseModel->insert([...], false)
 5 SYSTEMPATH\BaseModel.php(754): CodeIgniter\Model->insert([...], false)
 6 APPPATH\Controllers\Expertise.php(146): CodeIgniter\BaseModel->save([...])
 7 SYSTEMPATH\CodeIgniter.php(933): App\Controllers\Expertise->update()
 8 SYSTEMPATH\CodeIgniter.php(507): CodeIgniter\CodeIgniter->runController(Object(App\Controllers\Expertise))
 9 SYSTEMPATH\CodeIgniter.php(354): CodeIgniter\CodeIgniter->handleRequest(null, Object(Config\Cache), false)
10 SYSTEMPATH\Boot.php(334): CodeIgniter\CodeIgniter->run()
11 SYSTEMPATH\Boot.php(67): CodeIgniter\Boot::runCodeIgniter(Object(CodeIgniter\CodeIgniter))
12 FCPATH\index.php(59): CodeIgniter\Boot::bootWeb(Object(Config\Paths))
CRITICAL - 2025-08-12 16:42:12 --> [Caused by] CodeIgniter\Database\Exceptions\DatabaseException: Le champ 'image' ne peut être vide (null)
in SYSTEMPATH\Database\MySQLi\Connection.php on line 332.
 1 SYSTEMPATH\Database\BaseConnection.php(738): CodeIgniter\Database\MySQLi\Connection->execute('INSERT INTO `expertise` (`titre`, `description`, `image`, `created_at`, `updated_at`) VALUES (\'Expertise\', \'Lorem ipsum dolor sit amet consectetur adipisicing elit. Animi odio vero eveniet cumque commodi doloremque autem tempore inventore quia expedita. Quam, reiciendis dolorem. Vero provident ratione amet maiores in! Ratione.\', NULL, \'2025-08-12 16:42:12\', \'2025-08-12 16:42:12\')')
 2 SYSTEMPATH\Database\BaseConnection.php(652): CodeIgniter\Database\BaseConnection->simpleQuery('INSERT INTO `expertise` (`titre`, `description`, `image`, `created_at`, `updated_at`) VALUES (\'Expertise\', \'Lorem ipsum dolor sit amet consectetur adipisicing elit. Animi odio vero eveniet cumque commodi doloremque autem tempore inventore quia expedita. Quam, reiciendis dolorem. Vero provident ratione amet maiores in! Ratione.\', NULL, \'2025-08-12 16:42:12\', \'2025-08-12 16:42:12\')')
 3 SYSTEMPATH\Database\BaseBuilder.php(2345): CodeIgniter\Database\BaseConnection->query('INSERT INTO `expertise` (`titre`, `description`, `image`, `created_at`, `updated_at`) VALUES (:titre:, :description:, :image:, :created_at:, :updated_at:)', [...], false)
 4 SYSTEMPATH\Model.php(394): CodeIgniter\Database\BaseBuilder->insert()
 5 SYSTEMPATH\BaseModel.php(843): CodeIgniter\Model->doInsert([...])
 6 SYSTEMPATH\Model.php(800): CodeIgniter\BaseModel->insert([...], false)
 7 SYSTEMPATH\BaseModel.php(754): CodeIgniter\Model->insert([...], false)
 8 APPPATH\Controllers\Expertise.php(146): CodeIgniter\BaseModel->save([...])
 9 SYSTEMPATH\CodeIgniter.php(933): App\Controllers\Expertise->update()
10 SYSTEMPATH\CodeIgniter.php(507): CodeIgniter\CodeIgniter->runController(Object(App\Controllers\Expertise))
11 SYSTEMPATH\CodeIgniter.php(354): CodeIgniter\CodeIgniter->handleRequest(null, Object(Config\Cache), false)
12 SYSTEMPATH\Boot.php(334): CodeIgniter\CodeIgniter->run()
13 SYSTEMPATH\Boot.php(67): CodeIgniter\Boot::runCodeIgniter(Object(CodeIgniter\CodeIgniter))
14 FCPATH\index.php(59): CodeIgniter\Boot::bootWeb(Object(Config\Paths))
CRITICAL - 2025-08-12 16:42:12 --> [Caused by] mysqli_sql_exception: Le champ 'image' ne peut être vide (null)
in SYSTEMPATH\Database\MySQLi\Connection.php on line 327.
 1 SYSTEMPATH\Database\MySQLi\Connection.php(327): mysqli->query('INSERT INTO `expertise` (`titre`, `description`, `image`, `created_at`, `updated_at`) VALUES (\'Expertise\', \'Lorem ipsum dolor sit amet consectetur adipisicing elit. Animi odio vero eveniet cumque commodi doloremque autem tempore inventore quia expedita. Quam, reiciendis dolorem. Vero provident ratione amet maiores in! Ratione.\', NULL, \'2025-08-12 16:42:12\', \'2025-08-12 16:42:12\')', 0)
 2 SYSTEMPATH\Database\BaseConnection.php(738): CodeIgniter\Database\MySQLi\Connection->execute('INSERT INTO `expertise` (`titre`, `description`, `image`, `created_at`, `updated_at`) VALUES (\'Expertise\', \'Lorem ipsum dolor sit amet consectetur adipisicing elit. Animi odio vero eveniet cumque commodi doloremque autem tempore inventore quia expedita. Quam, reiciendis dolorem. Vero provident ratione amet maiores in! Ratione.\', NULL, \'2025-08-12 16:42:12\', \'2025-08-12 16:42:12\')')
 3 SYSTEMPATH\Database\BaseConnection.php(652): CodeIgniter\Database\BaseConnection->simpleQuery('INSERT INTO `expertise` (`titre`, `description`, `image`, `created_at`, `updated_at`) VALUES (\'Expertise\', \'Lorem ipsum dolor sit amet consectetur adipisicing elit. Animi odio vero eveniet cumque commodi doloremque autem tempore inventore quia expedita. Quam, reiciendis dolorem. Vero provident ratione amet maiores in! Ratione.\', NULL, \'2025-08-12 16:42:12\', \'2025-08-12 16:42:12\')')
 4 SYSTEMPATH\Database\BaseBuilder.php(2345): CodeIgniter\Database\BaseConnection->query('INSERT INTO `expertise` (`titre`, `description`, `image`, `created_at`, `updated_at`) VALUES (:titre:, :description:, :image:, :created_at:, :updated_at:)', [...], false)
 5 SYSTEMPATH\Model.php(394): CodeIgniter\Database\BaseBuilder->insert()
 6 SYSTEMPATH\BaseModel.php(843): CodeIgniter\Model->doInsert([...])
 7 SYSTEMPATH\Model.php(800): CodeIgniter\BaseModel->insert([...], false)
 8 SYSTEMPATH\BaseModel.php(754): CodeIgniter\Model->insert([...], false)
 9 APPPATH\Controllers\Expertise.php(146): CodeIgniter\BaseModel->save([...])
10 SYSTEMPATH\CodeIgniter.php(933): App\Controllers\Expertise->update()
11 SYSTEMPATH\CodeIgniter.php(507): CodeIgniter\CodeIgniter->runController(Object(App\Controllers\Expertise))
12 SYSTEMPATH\CodeIgniter.php(354): CodeIgniter\CodeIgniter->handleRequest(null, Object(Config\Cache), false)
13 SYSTEMPATH\Boot.php(334): CodeIgniter\CodeIgniter->run()
14 SYSTEMPATH\Boot.php(67): CodeIgniter\Boot::runCodeIgniter(Object(CodeIgniter\CodeIgniter))
15 FCPATH\index.php(59): CodeIgniter\Boot::bootWeb(Object(Config\Paths))
ERROR - 2025-08-12 16:42:13 --> mysqli_sql_exception: Le champ 'image' ne peut être vide (null) in C:\wamp64\www\softio-app\system\Database\MySQLi\Connection.php:327
Stack trace:
#0 C:\wamp64\www\softio-app\system\Database\MySQLi\Connection.php(327): mysqli->query('INSERT INTO `ex...', 0)
#1 C:\wamp64\www\softio-app\system\Database\BaseConnection.php(738): CodeIgniter\Database\MySQLi\Connection->execute('INSERT INTO `ex...')
#2 C:\wamp64\www\softio-app\system\Database\BaseConnection.php(652): CodeIgniter\Database\BaseConnection->simpleQuery('INSERT INTO `ex...')
#3 C:\wamp64\www\softio-app\system\Database\BaseBuilder.php(2345): CodeIgniter\Database\BaseConnection->query('INSERT INTO `ex...', Array, false)
#4 C:\wamp64\www\softio-app\system\Model.php(394): CodeIgniter\Database\BaseBuilder->insert()
#5 C:\wamp64\www\softio-app\system\BaseModel.php(843): CodeIgniter\Model->doInsert(Array)
#6 C:\wamp64\www\softio-app\system\Model.php(800): CodeIgniter\BaseModel->insert(Array, false)
#7 C:\wamp64\www\softio-app\system\BaseModel.php(754): CodeIgniter\Model->insert(Array, false)
#8 C:\wamp64\www\softio-app\app\Controllers\Expertise.php(146): CodeIgniter\BaseModel->save(Array)
#9 C:\wamp64\www\softio-app\system\CodeIgniter.php(933): App\Controllers\Expertise->update()
#10 C:\wamp64\www\softio-app\system\CodeIgniter.php(507): CodeIgniter\CodeIgniter->runController(Object(App\Controllers\Expertise))
#11 C:\wamp64\www\softio-app\system\CodeIgniter.php(354): CodeIgniter\CodeIgniter->handleRequest(NULL, Object(Config\Cache), false)
#12 C:\wamp64\www\softio-app\system\Boot.php(334): CodeIgniter\CodeIgniter->run()
#13 C:\wamp64\www\softio-app\system\Boot.php(67): CodeIgniter\Boot::runCodeIgniter(Object(CodeIgniter\CodeIgniter))
#14 C:\wamp64\www\softio-app\index.php(59): CodeIgniter\Boot::bootWeb(Object(Config\Paths))
#15 {main}
CRITICAL - 2025-08-12 16:42:13 --> CodeIgniter\Database\Exceptions\DatabaseException: Le champ 'image' ne peut être vide (null)
[Method: POST, Route: admin/expertise/update-expertise]
in SYSTEMPATH\Database\BaseConnection.php on line 692.
 1 SYSTEMPATH\Database\BaseBuilder.php(2345): CodeIgniter\Database\BaseConnection->query('INSERT INTO `expertise` (`titre`, `description`, `image`, `created_at`, `updated_at`) VALUES (:titre:, :description:, :image:, :created_at:, :updated_at:)', [...], false)
 2 SYSTEMPATH\Model.php(394): CodeIgniter\Database\BaseBuilder->insert()
 3 SYSTEMPATH\BaseModel.php(843): CodeIgniter\Model->doInsert([...])
 4 SYSTEMPATH\Model.php(800): CodeIgniter\BaseModel->insert([...], false)
 5 SYSTEMPATH\BaseModel.php(754): CodeIgniter\Model->insert([...], false)
 6 APPPATH\Controllers\Expertise.php(146): CodeIgniter\BaseModel->save([...])
 7 SYSTEMPATH\CodeIgniter.php(933): App\Controllers\Expertise->update()
 8 SYSTEMPATH\CodeIgniter.php(507): CodeIgniter\CodeIgniter->runController(Object(App\Controllers\Expertise))
 9 SYSTEMPATH\CodeIgniter.php(354): CodeIgniter\CodeIgniter->handleRequest(null, Object(Config\Cache), false)
10 SYSTEMPATH\Boot.php(334): CodeIgniter\CodeIgniter->run()
11 SYSTEMPATH\Boot.php(67): CodeIgniter\Boot::runCodeIgniter(Object(CodeIgniter\CodeIgniter))
12 FCPATH\index.php(59): CodeIgniter\Boot::bootWeb(Object(Config\Paths))
CRITICAL - 2025-08-12 16:42:13 --> [Caused by] CodeIgniter\Database\Exceptions\DatabaseException: Le champ 'image' ne peut être vide (null)
in SYSTEMPATH\Database\MySQLi\Connection.php on line 332.
 1 SYSTEMPATH\Database\BaseConnection.php(738): CodeIgniter\Database\MySQLi\Connection->execute('INSERT INTO `expertise` (`titre`, `description`, `image`, `created_at`, `updated_at`) VALUES (\'Expertise\', \'Lorem ipsum dolor sit amet consectetur adipisicing elit. Animi odio vero eveniet cumque commodi doloremque autem tempore inventore quia expedita. Quam, reiciendis dolorem. Vero provident ratione amet maiores in! Ratione.\', NULL, \'2025-08-12 16:42:13\', \'2025-08-12 16:42:13\')')
 2 SYSTEMPATH\Database\BaseConnection.php(652): CodeIgniter\Database\BaseConnection->simpleQuery('INSERT INTO `expertise` (`titre`, `description`, `image`, `created_at`, `updated_at`) VALUES (\'Expertise\', \'Lorem ipsum dolor sit amet consectetur adipisicing elit. Animi odio vero eveniet cumque commodi doloremque autem tempore inventore quia expedita. Quam, reiciendis dolorem. Vero provident ratione amet maiores in! Ratione.\', NULL, \'2025-08-12 16:42:13\', \'2025-08-12 16:42:13\')')
 3 SYSTEMPATH\Database\BaseBuilder.php(2345): CodeIgniter\Database\BaseConnection->query('INSERT INTO `expertise` (`titre`, `description`, `image`, `created_at`, `updated_at`) VALUES (:titre:, :description:, :image:, :created_at:, :updated_at:)', [...], false)
 4 SYSTEMPATH\Model.php(394): CodeIgniter\Database\BaseBuilder->insert()
 5 SYSTEMPATH\BaseModel.php(843): CodeIgniter\Model->doInsert([...])
 6 SYSTEMPATH\Model.php(800): CodeIgniter\BaseModel->insert([...], false)
 7 SYSTEMPATH\BaseModel.php(754): CodeIgniter\Model->insert([...], false)
 8 APPPATH\Controllers\Expertise.php(146): CodeIgniter\BaseModel->save([...])
 9 SYSTEMPATH\CodeIgniter.php(933): App\Controllers\Expertise->update()
10 SYSTEMPATH\CodeIgniter.php(507): CodeIgniter\CodeIgniter->runController(Object(App\Controllers\Expertise))
11 SYSTEMPATH\CodeIgniter.php(354): CodeIgniter\CodeIgniter->handleRequest(null, Object(Config\Cache), false)
12 SYSTEMPATH\Boot.php(334): CodeIgniter\CodeIgniter->run()
13 SYSTEMPATH\Boot.php(67): CodeIgniter\Boot::runCodeIgniter(Object(CodeIgniter\CodeIgniter))
14 FCPATH\index.php(59): CodeIgniter\Boot::bootWeb(Object(Config\Paths))
CRITICAL - 2025-08-12 16:42:13 --> [Caused by] mysqli_sql_exception: Le champ 'image' ne peut être vide (null)
in SYSTEMPATH\Database\MySQLi\Connection.php on line 327.
 1 SYSTEMPATH\Database\MySQLi\Connection.php(327): mysqli->query('INSERT INTO `expertise` (`titre`, `description`, `image`, `created_at`, `updated_at`) VALUES (\'Expertise\', \'Lorem ipsum dolor sit amet consectetur adipisicing elit. Animi odio vero eveniet cumque commodi doloremque autem tempore inventore quia expedita. Quam, reiciendis dolorem. Vero provident ratione amet maiores in! Ratione.\', NULL, \'2025-08-12 16:42:13\', \'2025-08-12 16:42:13\')', 0)
 2 SYSTEMPATH\Database\BaseConnection.php(738): CodeIgniter\Database\MySQLi\Connection->execute('INSERT INTO `expertise` (`titre`, `description`, `image`, `created_at`, `updated_at`) VALUES (\'Expertise\', \'Lorem ipsum dolor sit amet consectetur adipisicing elit. Animi odio vero eveniet cumque commodi doloremque autem tempore inventore quia expedita. Quam, reiciendis dolorem. Vero provident ratione amet maiores in! Ratione.\', NULL, \'2025-08-12 16:42:13\', \'2025-08-12 16:42:13\')')
 3 SYSTEMPATH\Database\BaseConnection.php(652): CodeIgniter\Database\BaseConnection->simpleQuery('INSERT INTO `expertise` (`titre`, `description`, `image`, `created_at`, `updated_at`) VALUES (\'Expertise\', \'Lorem ipsum dolor sit amet consectetur adipisicing elit. Animi odio vero eveniet cumque commodi doloremque autem tempore inventore quia expedita. Quam, reiciendis dolorem. Vero provident ratione amet maiores in! Ratione.\', NULL, \'2025-08-12 16:42:13\', \'2025-08-12 16:42:13\')')
 4 SYSTEMPATH\Database\BaseBuilder.php(2345): CodeIgniter\Database\BaseConnection->query('INSERT INTO `expertise` (`titre`, `description`, `image`, `created_at`, `updated_at`) VALUES (:titre:, :description:, :image:, :created_at:, :updated_at:)', [...], false)
 5 SYSTEMPATH\Model.php(394): CodeIgniter\Database\BaseBuilder->insert()
 6 SYSTEMPATH\BaseModel.php(843): CodeIgniter\Model->doInsert([...])
 7 SYSTEMPATH\Model.php(800): CodeIgniter\BaseModel->insert([...], false)
 8 SYSTEMPATH\BaseModel.php(754): CodeIgniter\Model->insert([...], false)
 9 APPPATH\Controllers\Expertise.php(146): CodeIgniter\BaseModel->save([...])
10 SYSTEMPATH\CodeIgniter.php(933): App\Controllers\Expertise->update()
11 SYSTEMPATH\CodeIgniter.php(507): CodeIgniter\CodeIgniter->runController(Object(App\Controllers\Expertise))
12 SYSTEMPATH\CodeIgniter.php(354): CodeIgniter\CodeIgniter->handleRequest(null, Object(Config\Cache), false)
13 SYSTEMPATH\Boot.php(334): CodeIgniter\CodeIgniter->run()
14 SYSTEMPATH\Boot.php(67): CodeIgniter\Boot::runCodeIgniter(Object(CodeIgniter\CodeIgniter))
15 FCPATH\index.php(59): CodeIgniter\Boot::bootWeb(Object(Config\Paths))
ERROR - 2025-08-12 16:42:14 --> mysqli_sql_exception: Le champ 'image' ne peut être vide (null) in C:\wamp64\www\softio-app\system\Database\MySQLi\Connection.php:327
Stack trace:
#0 C:\wamp64\www\softio-app\system\Database\MySQLi\Connection.php(327): mysqli->query('INSERT INTO `ex...', 0)
#1 C:\wamp64\www\softio-app\system\Database\BaseConnection.php(738): CodeIgniter\Database\MySQLi\Connection->execute('INSERT INTO `ex...')
#2 C:\wamp64\www\softio-app\system\Database\BaseConnection.php(652): CodeIgniter\Database\BaseConnection->simpleQuery('INSERT INTO `ex...')
#3 C:\wamp64\www\softio-app\system\Database\BaseBuilder.php(2345): CodeIgniter\Database\BaseConnection->query('INSERT INTO `ex...', Array, false)
#4 C:\wamp64\www\softio-app\system\Model.php(394): CodeIgniter\Database\BaseBuilder->insert()
#5 C:\wamp64\www\softio-app\system\BaseModel.php(843): CodeIgniter\Model->doInsert(Array)
#6 C:\wamp64\www\softio-app\system\Model.php(800): CodeIgniter\BaseModel->insert(Array, false)
#7 C:\wamp64\www\softio-app\system\BaseModel.php(754): CodeIgniter\Model->insert(Array, false)
#8 C:\wamp64\www\softio-app\app\Controllers\Expertise.php(146): CodeIgniter\BaseModel->save(Array)
#9 C:\wamp64\www\softio-app\system\CodeIgniter.php(933): App\Controllers\Expertise->update()
#10 C:\wamp64\www\softio-app\system\CodeIgniter.php(507): CodeIgniter\CodeIgniter->runController(Object(App\Controllers\Expertise))
#11 C:\wamp64\www\softio-app\system\CodeIgniter.php(354): CodeIgniter\CodeIgniter->handleRequest(NULL, Object(Config\Cache), false)
#12 C:\wamp64\www\softio-app\system\Boot.php(334): CodeIgniter\CodeIgniter->run()
#13 C:\wamp64\www\softio-app\system\Boot.php(67): CodeIgniter\Boot::runCodeIgniter(Object(CodeIgniter\CodeIgniter))
#14 C:\wamp64\www\softio-app\index.php(59): CodeIgniter\Boot::bootWeb(Object(Config\Paths))
#15 {main}
CRITICAL - 2025-08-12 16:42:14 --> CodeIgniter\Database\Exceptions\DatabaseException: Le champ 'image' ne peut être vide (null)
[Method: POST, Route: admin/expertise/update-expertise]
in SYSTEMPATH\Database\BaseConnection.php on line 692.
 1 SYSTEMPATH\Database\BaseBuilder.php(2345): CodeIgniter\Database\BaseConnection->query('INSERT INTO `expertise` (`titre`, `description`, `image`, `created_at`, `updated_at`) VALUES (:titre:, :description:, :image:, :created_at:, :updated_at:)', [...], false)
 2 SYSTEMPATH\Model.php(394): CodeIgniter\Database\BaseBuilder->insert()
 3 SYSTEMPATH\BaseModel.php(843): CodeIgniter\Model->doInsert([...])
 4 SYSTEMPATH\Model.php(800): CodeIgniter\BaseModel->insert([...], false)
 5 SYSTEMPATH\BaseModel.php(754): CodeIgniter\Model->insert([...], false)
 6 APPPATH\Controllers\Expertise.php(146): CodeIgniter\BaseModel->save([...])
 7 SYSTEMPATH\CodeIgniter.php(933): App\Controllers\Expertise->update()
 8 SYSTEMPATH\CodeIgniter.php(507): CodeIgniter\CodeIgniter->runController(Object(App\Controllers\Expertise))
 9 SYSTEMPATH\CodeIgniter.php(354): CodeIgniter\CodeIgniter->handleRequest(null, Object(Config\Cache), false)
10 SYSTEMPATH\Boot.php(334): CodeIgniter\CodeIgniter->run()
11 SYSTEMPATH\Boot.php(67): CodeIgniter\Boot::runCodeIgniter(Object(CodeIgniter\CodeIgniter))
12 FCPATH\index.php(59): CodeIgniter\Boot::bootWeb(Object(Config\Paths))
CRITICAL - 2025-08-12 16:42:14 --> [Caused by] CodeIgniter\Database\Exceptions\DatabaseException: Le champ 'image' ne peut être vide (null)
in SYSTEMPATH\Database\MySQLi\Connection.php on line 332.
 1 SYSTEMPATH\Database\BaseConnection.php(738): CodeIgniter\Database\MySQLi\Connection->execute('INSERT INTO `expertise` (`titre`, `description`, `image`, `created_at`, `updated_at`) VALUES (\'Expertise\', \'Lorem ipsum dolor sit amet consectetur adipisicing elit. Animi odio vero eveniet cumque commodi doloremque autem tempore inventore quia expedita. Quam, reiciendis dolorem. Vero provident ratione amet maiores in! Ratione.\', NULL, \'2025-08-12 16:42:14\', \'2025-08-12 16:42:14\')')
 2 SYSTEMPATH\Database\BaseConnection.php(652): CodeIgniter\Database\BaseConnection->simpleQuery('INSERT INTO `expertise` (`titre`, `description`, `image`, `created_at`, `updated_at`) VALUES (\'Expertise\', \'Lorem ipsum dolor sit amet consectetur adipisicing elit. Animi odio vero eveniet cumque commodi doloremque autem tempore inventore quia expedita. Quam, reiciendis dolorem. Vero provident ratione amet maiores in! Ratione.\', NULL, \'2025-08-12 16:42:14\', \'2025-08-12 16:42:14\')')
 3 SYSTEMPATH\Database\BaseBuilder.php(2345): CodeIgniter\Database\BaseConnection->query('INSERT INTO `expertise` (`titre`, `description`, `image`, `created_at`, `updated_at`) VALUES (:titre:, :description:, :image:, :created_at:, :updated_at:)', [...], false)
 4 SYSTEMPATH\Model.php(394): CodeIgniter\Database\BaseBuilder->insert()
 5 SYSTEMPATH\BaseModel.php(843): CodeIgniter\Model->doInsert([...])
 6 SYSTEMPATH\Model.php(800): CodeIgniter\BaseModel->insert([...], false)
 7 SYSTEMPATH\BaseModel.php(754): CodeIgniter\Model->insert([...], false)
 8 APPPATH\Controllers\Expertise.php(146): CodeIgniter\BaseModel->save([...])
 9 SYSTEMPATH\CodeIgniter.php(933): App\Controllers\Expertise->update()
10 SYSTEMPATH\CodeIgniter.php(507): CodeIgniter\CodeIgniter->runController(Object(App\Controllers\Expertise))
11 SYSTEMPATH\CodeIgniter.php(354): CodeIgniter\CodeIgniter->handleRequest(null, Object(Config\Cache), false)
12 SYSTEMPATH\Boot.php(334): CodeIgniter\CodeIgniter->run()
13 SYSTEMPATH\Boot.php(67): CodeIgniter\Boot::runCodeIgniter(Object(CodeIgniter\CodeIgniter))
14 FCPATH\index.php(59): CodeIgniter\Boot::bootWeb(Object(Config\Paths))
CRITICAL - 2025-08-12 16:42:14 --> [Caused by] mysqli_sql_exception: Le champ 'image' ne peut être vide (null)
in SYSTEMPATH\Database\MySQLi\Connection.php on line 327.
 1 SYSTEMPATH\Database\MySQLi\Connection.php(327): mysqli->query('INSERT INTO `expertise` (`titre`, `description`, `image`, `created_at`, `updated_at`) VALUES (\'Expertise\', \'Lorem ipsum dolor sit amet consectetur adipisicing elit. Animi odio vero eveniet cumque commodi doloremque autem tempore inventore quia expedita. Quam, reiciendis dolorem. Vero provident ratione amet maiores in! Ratione.\', NULL, \'2025-08-12 16:42:14\', \'2025-08-12 16:42:14\')', 0)
 2 SYSTEMPATH\Database\BaseConnection.php(738): CodeIgniter\Database\MySQLi\Connection->execute('INSERT INTO `expertise` (`titre`, `description`, `image`, `created_at`, `updated_at`) VALUES (\'Expertise\', \'Lorem ipsum dolor sit amet consectetur adipisicing elit. Animi odio vero eveniet cumque commodi doloremque autem tempore inventore quia expedita. Quam, reiciendis dolorem. Vero provident ratione amet maiores in! Ratione.\', NULL, \'2025-08-12 16:42:14\', \'2025-08-12 16:42:14\')')
 3 SYSTEMPATH\Database\BaseConnection.php(652): CodeIgniter\Database\BaseConnection->simpleQuery('INSERT INTO `expertise` (`titre`, `description`, `image`, `created_at`, `updated_at`) VALUES (\'Expertise\', \'Lorem ipsum dolor sit amet consectetur adipisicing elit. Animi odio vero eveniet cumque commodi doloremque autem tempore inventore quia expedita. Quam, reiciendis dolorem. Vero provident ratione amet maiores in! Ratione.\', NULL, \'2025-08-12 16:42:14\', \'2025-08-12 16:42:14\')')
 4 SYSTEMPATH\Database\BaseBuilder.php(2345): CodeIgniter\Database\BaseConnection->query('INSERT INTO `expertise` (`titre`, `description`, `image`, `created_at`, `updated_at`) VALUES (:titre:, :description:, :image:, :created_at:, :updated_at:)', [...], false)
 5 SYSTEMPATH\Model.php(394): CodeIgniter\Database\BaseBuilder->insert()
 6 SYSTEMPATH\BaseModel.php(843): CodeIgniter\Model->doInsert([...])
 7 SYSTEMPATH\Model.php(800): CodeIgniter\BaseModel->insert([...], false)
 8 SYSTEMPATH\BaseModel.php(754): CodeIgniter\Model->insert([...], false)
 9 APPPATH\Controllers\Expertise.php(146): CodeIgniter\BaseModel->save([...])
10 SYSTEMPATH\CodeIgniter.php(933): App\Controllers\Expertise->update()
11 SYSTEMPATH\CodeIgniter.php(507): CodeIgniter\CodeIgniter->runController(Object(App\Controllers\Expertise))
12 SYSTEMPATH\CodeIgniter.php(354): CodeIgniter\CodeIgniter->handleRequest(null, Object(Config\Cache), false)
13 SYSTEMPATH\Boot.php(334): CodeIgniter\CodeIgniter->run()
14 SYSTEMPATH\Boot.php(67): CodeIgniter\Boot::runCodeIgniter(Object(CodeIgniter\CodeIgniter))
15 FCPATH\index.php(59): CodeIgniter\Boot::bootWeb(Object(Config\Paths))
ERROR - 2025-08-12 16:42:15 --> mysqli_sql_exception: Le champ 'image' ne peut être vide (null) in C:\wamp64\www\softio-app\system\Database\MySQLi\Connection.php:327
Stack trace:
#0 C:\wamp64\www\softio-app\system\Database\MySQLi\Connection.php(327): mysqli->query('INSERT INTO `ex...', 0)
#1 C:\wamp64\www\softio-app\system\Database\BaseConnection.php(738): CodeIgniter\Database\MySQLi\Connection->execute('INSERT INTO `ex...')
#2 C:\wamp64\www\softio-app\system\Database\BaseConnection.php(652): CodeIgniter\Database\BaseConnection->simpleQuery('INSERT INTO `ex...')
#3 C:\wamp64\www\softio-app\system\Database\BaseBuilder.php(2345): CodeIgniter\Database\BaseConnection->query('INSERT INTO `ex...', Array, false)
#4 C:\wamp64\www\softio-app\system\Model.php(394): CodeIgniter\Database\BaseBuilder->insert()
#5 C:\wamp64\www\softio-app\system\BaseModel.php(843): CodeIgniter\Model->doInsert(Array)
#6 C:\wamp64\www\softio-app\system\Model.php(800): CodeIgniter\BaseModel->insert(Array, false)
#7 C:\wamp64\www\softio-app\system\BaseModel.php(754): CodeIgniter\Model->insert(Array, false)
#8 C:\wamp64\www\softio-app\app\Controllers\Expertise.php(146): CodeIgniter\BaseModel->save(Array)
#9 C:\wamp64\www\softio-app\system\CodeIgniter.php(933): App\Controllers\Expertise->update()
#10 C:\wamp64\www\softio-app\system\CodeIgniter.php(507): CodeIgniter\CodeIgniter->runController(Object(App\Controllers\Expertise))
#11 C:\wamp64\www\softio-app\system\CodeIgniter.php(354): CodeIgniter\CodeIgniter->handleRequest(NULL, Object(Config\Cache), false)
#12 C:\wamp64\www\softio-app\system\Boot.php(334): CodeIgniter\CodeIgniter->run()
#13 C:\wamp64\www\softio-app\system\Boot.php(67): CodeIgniter\Boot::runCodeIgniter(Object(CodeIgniter\CodeIgniter))
#14 C:\wamp64\www\softio-app\index.php(59): CodeIgniter\Boot::bootWeb(Object(Config\Paths))
#15 {main}
CRITICAL - 2025-08-12 16:42:15 --> CodeIgniter\Database\Exceptions\DatabaseException: Le champ 'image' ne peut être vide (null)
[Method: POST, Route: admin/expertise/update-expertise]
in SYSTEMPATH\Database\BaseConnection.php on line 692.
 1 SYSTEMPATH\Database\BaseBuilder.php(2345): CodeIgniter\Database\BaseConnection->query('INSERT INTO `expertise` (`titre`, `description`, `image`, `created_at`, `updated_at`) VALUES (:titre:, :description:, :image:, :created_at:, :updated_at:)', [...], false)
 2 SYSTEMPATH\Model.php(394): CodeIgniter\Database\BaseBuilder->insert()
 3 SYSTEMPATH\BaseModel.php(843): CodeIgniter\Model->doInsert([...])
 4 SYSTEMPATH\Model.php(800): CodeIgniter\BaseModel->insert([...], false)
 5 SYSTEMPATH\BaseModel.php(754): CodeIgniter\Model->insert([...], false)
 6 APPPATH\Controllers\Expertise.php(146): CodeIgniter\BaseModel->save([...])
 7 SYSTEMPATH\CodeIgniter.php(933): App\Controllers\Expertise->update()
 8 SYSTEMPATH\CodeIgniter.php(507): CodeIgniter\CodeIgniter->runController(Object(App\Controllers\Expertise))
 9 SYSTEMPATH\CodeIgniter.php(354): CodeIgniter\CodeIgniter->handleRequest(null, Object(Config\Cache), false)
10 SYSTEMPATH\Boot.php(334): CodeIgniter\CodeIgniter->run()
11 SYSTEMPATH\Boot.php(67): CodeIgniter\Boot::runCodeIgniter(Object(CodeIgniter\CodeIgniter))
12 FCPATH\index.php(59): CodeIgniter\Boot::bootWeb(Object(Config\Paths))
CRITICAL - 2025-08-12 16:42:15 --> [Caused by] CodeIgniter\Database\Exceptions\DatabaseException: Le champ 'image' ne peut être vide (null)
in SYSTEMPATH\Database\MySQLi\Connection.php on line 332.
 1 SYSTEMPATH\Database\BaseConnection.php(738): CodeIgniter\Database\MySQLi\Connection->execute('INSERT INTO `expertise` (`titre`, `description`, `image`, `created_at`, `updated_at`) VALUES (\'Expertise\', \'Lorem ipsum dolor sit amet consectetur adipisicing elit. Animi odio vero eveniet cumque commodi doloremque autem tempore inventore quia expedita. Quam, reiciendis dolorem. Vero provident ratione amet maiores in! Ratione.\', NULL, \'2025-08-12 16:42:15\', \'2025-08-12 16:42:15\')')
 2 SYSTEMPATH\Database\BaseConnection.php(652): CodeIgniter\Database\BaseConnection->simpleQuery('INSERT INTO `expertise` (`titre`, `description`, `image`, `created_at`, `updated_at`) VALUES (\'Expertise\', \'Lorem ipsum dolor sit amet consectetur adipisicing elit. Animi odio vero eveniet cumque commodi doloremque autem tempore inventore quia expedita. Quam, reiciendis dolorem. Vero provident ratione amet maiores in! Ratione.\', NULL, \'2025-08-12 16:42:15\', \'2025-08-12 16:42:15\')')
 3 SYSTEMPATH\Database\BaseBuilder.php(2345): CodeIgniter\Database\BaseConnection->query('INSERT INTO `expertise` (`titre`, `description`, `image`, `created_at`, `updated_at`) VALUES (:titre:, :description:, :image:, :created_at:, :updated_at:)', [...], false)
 4 SYSTEMPATH\Model.php(394): CodeIgniter\Database\BaseBuilder->insert()
 5 SYSTEMPATH\BaseModel.php(843): CodeIgniter\Model->doInsert([...])
 6 SYSTEMPATH\Model.php(800): CodeIgniter\BaseModel->insert([...], false)
 7 SYSTEMPATH\BaseModel.php(754): CodeIgniter\Model->insert([...], false)
 8 APPPATH\Controllers\Expertise.php(146): CodeIgniter\BaseModel->save([...])
 9 SYSTEMPATH\CodeIgniter.php(933): App\Controllers\Expertise->update()
10 SYSTEMPATH\CodeIgniter.php(507): CodeIgniter\CodeIgniter->runController(Object(App\Controllers\Expertise))
11 SYSTEMPATH\CodeIgniter.php(354): CodeIgniter\CodeIgniter->handleRequest(null, Object(Config\Cache), false)
12 SYSTEMPATH\Boot.php(334): CodeIgniter\CodeIgniter->run()
13 SYSTEMPATH\Boot.php(67): CodeIgniter\Boot::runCodeIgniter(Object(CodeIgniter\CodeIgniter))
14 FCPATH\index.php(59): CodeIgniter\Boot::bootWeb(Object(Config\Paths))
CRITICAL - 2025-08-12 16:42:15 --> [Caused by] mysqli_sql_exception: Le champ 'image' ne peut être vide (null)
in SYSTEMPATH\Database\MySQLi\Connection.php on line 327.
 1 SYSTEMPATH\Database\MySQLi\Connection.php(327): mysqli->query('INSERT INTO `expertise` (`titre`, `description`, `image`, `created_at`, `updated_at`) VALUES (\'Expertise\', \'Lorem ipsum dolor sit amet consectetur adipisicing elit. Animi odio vero eveniet cumque commodi doloremque autem tempore inventore quia expedita. Quam, reiciendis dolorem. Vero provident ratione amet maiores in! Ratione.\', NULL, \'2025-08-12 16:42:15\', \'2025-08-12 16:42:15\')', 0)
 2 SYSTEMPATH\Database\BaseConnection.php(738): CodeIgniter\Database\MySQLi\Connection->execute('INSERT INTO `expertise` (`titre`, `description`, `image`, `created_at`, `updated_at`) VALUES (\'Expertise\', \'Lorem ipsum dolor sit amet consectetur adipisicing elit. Animi odio vero eveniet cumque commodi doloremque autem tempore inventore quia expedita. Quam, reiciendis dolorem. Vero provident ratione amet maiores in! Ratione.\', NULL, \'2025-08-12 16:42:15\', \'2025-08-12 16:42:15\')')
 3 SYSTEMPATH\Database\BaseConnection.php(652): CodeIgniter\Database\BaseConnection->simpleQuery('INSERT INTO `expertise` (`titre`, `description`, `image`, `created_at`, `updated_at`) VALUES (\'Expertise\', \'Lorem ipsum dolor sit amet consectetur adipisicing elit. Animi odio vero eveniet cumque commodi doloremque autem tempore inventore quia expedita. Quam, reiciendis dolorem. Vero provident ratione amet maiores in! Ratione.\', NULL, \'2025-08-12 16:42:15\', \'2025-08-12 16:42:15\')')
 4 SYSTEMPATH\Database\BaseBuilder.php(2345): CodeIgniter\Database\BaseConnection->query('INSERT INTO `expertise` (`titre`, `description`, `image`, `created_at`, `updated_at`) VALUES (:titre:, :description:, :image:, :created_at:, :updated_at:)', [...], false)
 5 SYSTEMPATH\Model.php(394): CodeIgniter\Database\BaseBuilder->insert()
 6 SYSTEMPATH\BaseModel.php(843): CodeIgniter\Model->doInsert([...])
 7 SYSTEMPATH\Model.php(800): CodeIgniter\BaseModel->insert([...], false)
 8 SYSTEMPATH\BaseModel.php(754): CodeIgniter\Model->insert([...], false)
 9 APPPATH\Controllers\Expertise.php(146): CodeIgniter\BaseModel->save([...])
10 SYSTEMPATH\CodeIgniter.php(933): App\Controllers\Expertise->update()
11 SYSTEMPATH\CodeIgniter.php(507): CodeIgniter\CodeIgniter->runController(Object(App\Controllers\Expertise))
12 SYSTEMPATH\CodeIgniter.php(354): CodeIgniter\CodeIgniter->handleRequest(null, Object(Config\Cache), false)
13 SYSTEMPATH\Boot.php(334): CodeIgniter\CodeIgniter->run()
14 SYSTEMPATH\Boot.php(67): CodeIgniter\Boot::runCodeIgniter(Object(CodeIgniter\CodeIgniter))
15 FCPATH\index.php(59): CodeIgniter\Boot::bootWeb(Object(Config\Paths))
DEBUG - 2025-08-12 16:44:50 --> Session: Class initialized using 'CodeIgniter\Session\Handlers\FileHandler' driver.
DEBUG - 2025-08-12 16:44:50 --> Session: Class initialized using 'CodeIgniter\Session\Handlers\FileHandler' driver.
DEBUG - 2025-08-12 16:44:51 --> Session: Class initialized using 'CodeIgniter\Session\Handlers\FileHandler' driver.
DEBUG - 2025-08-12 16:44:51 --> Session: Class initialized using 'CodeIgniter\Session\Handlers\FileHandler' driver.
DEBUG - 2025-08-12 16:46:32 --> Session: Class initialized using 'CodeIgniter\Session\Handlers\FileHandler' driver.
DEBUG - 2025-08-12 16:46:33 --> Session: Class initialized using 'CodeIgniter\Session\Handlers\FileHandler' driver.
DEBUG - 2025-08-12 16:47:20 --> Session: Class initialized using 'CodeIgniter\Session\Handlers\FileHandler' driver.
DEBUG - 2025-08-12 16:47:20 --> Session: Class initialized using 'CodeIgniter\Session\Handlers\FileHandler' driver.
DEBUG - 2025-08-12 16:47:21 --> Session: Class initialized using 'CodeIgniter\Session\Handlers\FileHandler' driver.
DEBUG - 2025-08-12 16:47:22 --> Session: Class initialized using 'CodeIgniter\Session\Handlers\FileHandler' driver.
DEBUG - 2025-08-12 16:47:29 --> Session: Class initialized using 'CodeIgniter\Session\Handlers\FileHandler' driver.
DEBUG - 2025-08-12 16:47:29 --> Session: Class initialized using 'CodeIgniter\Session\Handlers\FileHandler' driver.
DEBUG - 2025-08-12 16:47:41 --> Session: Class initialized using 'CodeIgniter\Session\Handlers\FileHandler' driver.
DEBUG - 2025-08-12 16:47:41 --> Session: Class initialized using 'CodeIgniter\Session\Handlers\FileHandler' driver.
DEBUG - 2025-08-12 16:47:43 --> Session: Class initialized using 'CodeIgniter\Session\Handlers\FileHandler' driver.
DEBUG - 2025-08-12 16:47:45 --> Session: Class initialized using 'CodeIgniter\Session\Handlers\FileHandler' driver.
DEBUG - 2025-08-12 16:47:45 --> Session: Class initialized using 'CodeIgniter\Session\Handlers\FileHandler' driver.
DEBUG - 2025-08-12 16:48:34 --> Session: Class initialized using 'CodeIgniter\Session\Handlers\FileHandler' driver.
DEBUG - 2025-08-12 16:48:34 --> Session: Class initialized using 'CodeIgniter\Session\Handlers\FileHandler' driver.
DEBUG - 2025-08-12 16:48:57 --> Session: Class initialized using 'CodeIgniter\Session\Handlers\FileHandler' driver.
DEBUG - 2025-08-12 16:49:00 --> Session: Class initialized using 'CodeIgniter\Session\Handlers\FileHandler' driver.
DEBUG - 2025-08-12 16:49:00 --> Session: Class initialized using 'CodeIgniter\Session\Handlers\FileHandler' driver.
DEBUG - 2025-08-12 16:49:25 --> Session: Class initialized using 'CodeIgniter\Session\Handlers\FileHandler' driver.
DEBUG - 2025-08-12 16:49:25 --> Session: Class initialized using 'CodeIgniter\Session\Handlers\FileHandler' driver.
DEBUG - 2025-08-12 16:49:31 --> Session: Class initialized using 'CodeIgniter\Session\Handlers\FileHandler' driver.
DEBUG - 2025-08-12 16:53:48 --> Session: Class initialized using 'CodeIgniter\Session\Handlers\FileHandler' driver.
DEBUG - 2025-08-12 16:53:48 --> Session: Class initialized using 'CodeIgniter\Session\Handlers\FileHandler' driver.
DEBUG - 2025-08-12 16:54:53 --> Session: Class initialized using 'CodeIgniter\Session\Handlers\FileHandler' driver.
DEBUG - 2025-08-12 16:54:53 --> Session: Class initialized using 'CodeIgniter\Session\Handlers\FileHandler' driver.
DEBUG - 2025-08-12 16:56:00 --> Session: Class initialized using 'CodeIgniter\Session\Handlers\FileHandler' driver.
DEBUG - 2025-08-12 16:56:01 --> Session: Class initialized using 'CodeIgniter\Session\Handlers\FileHandler' driver.
DEBUG - 2025-08-12 16:57:45 --> Session: Class initialized using 'CodeIgniter\Session\Handlers\FileHandler' driver.
DEBUG - 2025-08-12 16:57:45 --> Session: Class initialized using 'CodeIgniter\Session\Handlers\FileHandler' driver.
DEBUG - 2025-08-12 16:58:24 --> Session: Class initialized using 'CodeIgniter\Session\Handlers\FileHandler' driver.
DEBUG - 2025-08-12 17:01:10 --> Session: Class initialized using 'CodeIgniter\Session\Handlers\FileHandler' driver.
DEBUG - 2025-08-12 17:01:23 --> Session: Class initialized using 'CodeIgniter\Session\Handlers\FileHandler' driver.
DEBUG - 2025-08-12 17:01:23 --> Session: Class initialized using 'CodeIgniter\Session\Handlers\FileHandler' driver.
DEBUG - 2025-08-12 17:01:27 --> Session: Class initialized using 'CodeIgniter\Session\Handlers\FileHandler' driver.
DEBUG - 2025-08-12 17:01:34 --> Session: Class initialized using 'CodeIgniter\Session\Handlers\FileHandler' driver.
DEBUG - 2025-08-12 17:01:34 --> Session: Class initialized using 'CodeIgniter\Session\Handlers\FileHandler' driver.
DEBUG - 2025-08-12 17:01:38 --> Session: Class initialized using 'CodeIgniter\Session\Handlers\FileHandler' driver.
DEBUG - 2025-08-12 17:01:38 --> Session: Class initialized using 'CodeIgniter\Session\Handlers\FileHandler' driver.
DEBUG - 2025-08-12 17:04:47 --> Session: Class initialized using 'CodeIgniter\Session\Handlers\FileHandler' driver.
DEBUG - 2025-08-12 17:04:48 --> Session: Class initialized using 'CodeIgniter\Session\Handlers\FileHandler' driver.
DEBUG - 2025-08-12 17:04:53 --> Session: Class initialized using 'CodeIgniter\Session\Handlers\FileHandler' driver.
DEBUG - 2025-08-12 17:04:53 --> Session: Class initialized using 'CodeIgniter\Session\Handlers\FileHandler' driver.
DEBUG - 2025-08-12 17:05:33 --> Session: Class initialized using 'CodeIgniter\Session\Handlers\FileHandler' driver.
DEBUG - 2025-08-12 17:05:33 --> Session: Class initialized using 'CodeIgniter\Session\Handlers\FileHandler' driver.
DEBUG - 2025-08-12 17:05:34 --> Session: Class initialized using 'CodeIgniter\Session\Handlers\FileHandler' driver.
DEBUG - 2025-08-12 17:05:34 --> Session: Class initialized using 'CodeIgniter\Session\Handlers\FileHandler' driver.
DEBUG - 2025-08-12 17:06:08 --> Session: Class initialized using 'CodeIgniter\Session\Handlers\FileHandler' driver.
DEBUG - 2025-08-12 17:06:09 --> Session: Class initialized using 'CodeIgniter\Session\Handlers\FileHandler' driver.
DEBUG - 2025-08-12 17:07:58 --> Session: Class initialized using 'CodeIgniter\Session\Handlers\FileHandler' driver.
DEBUG - 2025-08-12 17:07:58 --> Session: Class initialized using 'CodeIgniter\Session\Handlers\FileHandler' driver.
DEBUG - 2025-08-12 17:09:31 --> Session: Class initialized using 'CodeIgniter\Session\Handlers\FileHandler' driver.
DEBUG - 2025-08-12 17:09:31 --> Session: Class initialized using 'CodeIgniter\Session\Handlers\FileHandler' driver.
DEBUG - 2025-08-12 17:09:33 --> Session: Class initialized using 'CodeIgniter\Session\Handlers\FileHandler' driver.
DEBUG - 2025-08-12 17:09:34 --> Session: Class initialized using 'CodeIgniter\Session\Handlers\FileHandler' driver.
DEBUG - 2025-08-12 17:10:24 --> Session: Class initialized using 'CodeIgniter\Session\Handlers\FileHandler' driver.
DEBUG - 2025-08-12 17:10:25 --> Session: Class initialized using 'CodeIgniter\Session\Handlers\FileHandler' driver.
DEBUG - 2025-08-12 17:10:26 --> Session: Class initialized using 'CodeIgniter\Session\Handlers\FileHandler' driver.
DEBUG - 2025-08-12 17:10:27 --> Session: Class initialized using 'CodeIgniter\Session\Handlers\FileHandler' driver.
DEBUG - 2025-08-12 17:10:27 --> Session: Class initialized using 'CodeIgniter\Session\Handlers\FileHandler' driver.
DEBUG - 2025-08-12 17:10:27 --> Session: Class initialized using 'CodeIgniter\Session\Handlers\FileHandler' driver.
DEBUG - 2025-08-12 17:10:57 --> Session: Class initialized using 'CodeIgniter\Session\Handlers\FileHandler' driver.
DEBUG - 2025-08-12 17:10:57 --> Session: Class initialized using 'CodeIgniter\Session\Handlers\FileHandler' driver.
DEBUG - 2025-08-12 17:12:49 --> Session: Class initialized using 'CodeIgniter\Session\Handlers\FileHandler' driver.
DEBUG - 2025-08-12 17:12:50 --> Session: Class initialized using 'CodeIgniter\Session\Handlers\FileHandler' driver.
DEBUG - 2025-08-12 17:14:37 --> Session: Class initialized using 'CodeIgniter\Session\Handlers\FileHandler' driver.
DEBUG - 2025-08-12 17:14:38 --> Session: Class initialized using 'CodeIgniter\Session\Handlers\FileHandler' driver.
DEBUG - 2025-08-12 17:14:50 --> Session: Class initialized using 'CodeIgniter\Session\Handlers\FileHandler' driver.
DEBUG - 2025-08-12 17:14:51 --> Session: Class initialized using 'CodeIgniter\Session\Handlers\FileHandler' driver.
DEBUG - 2025-08-12 17:14:57 --> Session: Class initialized using 'CodeIgniter\Session\Handlers\FileHandler' driver.
DEBUG - 2025-08-12 17:18:40 --> Session: Class initialized using 'CodeIgniter\Session\Handlers\FileHandler' driver.
DEBUG - 2025-08-12 17:18:40 --> Session: Class initialized using 'CodeIgniter\Session\Handlers\FileHandler' driver.
DEBUG - 2025-08-12 17:19:04 --> Session: Class initialized using 'CodeIgniter\Session\Handlers\FileHandler' driver.
DEBUG - 2025-08-12 17:19:04 --> Session: Class initialized using 'CodeIgniter\Session\Handlers\FileHandler' driver.
DEBUG - 2025-08-12 17:19:37 --> Session: Class initialized using 'CodeIgniter\Session\Handlers\FileHandler' driver.
DEBUG - 2025-08-12 17:19:38 --> Session: Class initialized using 'CodeIgniter\Session\Handlers\FileHandler' driver.
DEBUG - 2025-08-12 17:19:40 --> Session: Class initialized using 'CodeIgniter\Session\Handlers\FileHandler' driver.
DEBUG - 2025-08-12 17:19:40 --> Session: Class initialized using 'CodeIgniter\Session\Handlers\FileHandler' driver.
DEBUG - 2025-08-12 17:19:41 --> Session: Class initialized using 'CodeIgniter\Session\Handlers\FileHandler' driver.
DEBUG - 2025-08-12 17:19:41 --> Session: Class initialized using 'CodeIgniter\Session\Handlers\FileHandler' driver.
DEBUG - 2025-08-12 17:21:18 --> Session: Class initialized using 'CodeIgniter\Session\Handlers\FileHandler' driver.
DEBUG - 2025-08-12 17:21:18 --> Session: Class initialized using 'CodeIgniter\Session\Handlers\FileHandler' driver.
DEBUG - 2025-08-12 17:21:22 --> Session: Class initialized using 'CodeIgniter\Session\Handlers\FileHandler' driver.
DEBUG - 2025-08-12 17:21:23 --> Session: Class initialized using 'CodeIgniter\Session\Handlers\FileHandler' driver.
DEBUG - 2025-08-12 17:22:26 --> Session: Class initialized using 'CodeIgniter\Session\Handlers\FileHandler' driver.
DEBUG - 2025-08-12 17:22:26 --> Session: Class initialized using 'CodeIgniter\Session\Handlers\FileHandler' driver.
DEBUG - 2025-08-12 17:23:15 --> Session: Class initialized using 'CodeIgniter\Session\Handlers\FileHandler' driver.
DEBUG - 2025-08-12 17:23:15 --> Session: Class initialized using 'CodeIgniter\Session\Handlers\FileHandler' driver.
DEBUG - 2025-08-12 17:23:16 --> Session: Class initialized using 'CodeIgniter\Session\Handlers\FileHandler' driver.
DEBUG - 2025-08-12 17:23:17 --> Session: Class initialized using 'CodeIgniter\Session\Handlers\FileHandler' driver.
DEBUG - 2025-08-12 17:23:17 --> Session: Class initialized using 'CodeIgniter\Session\Handlers\FileHandler' driver.
DEBUG - 2025-08-12 17:23:17 --> Session: Class initialized using 'CodeIgniter\Session\Handlers\FileHandler' driver.
DEBUG - 2025-08-12 17:24:17 --> Session: Class initialized using 'CodeIgniter\Session\Handlers\FileHandler' driver.
DEBUG - 2025-08-12 17:24:17 --> Session: Class initialized using 'CodeIgniter\Session\Handlers\FileHandler' driver.
DEBUG - 2025-08-12 17:24:18 --> Session: Class initialized using 'CodeIgniter\Session\Handlers\FileHandler' driver.
DEBUG - 2025-08-12 17:24:19 --> Session: Class initialized using 'CodeIgniter\Session\Handlers\FileHandler' driver.
DEBUG - 2025-08-12 17:24:19 --> Session: Class initialized using 'CodeIgniter\Session\Handlers\FileHandler' driver.
DEBUG - 2025-08-12 17:24:19 --> Session: Class initialized using 'CodeIgniter\Session\Handlers\FileHandler' driver.
DEBUG - 2025-08-12 17:24:20 --> Session: Class initialized using 'CodeIgniter\Session\Handlers\FileHandler' driver.
DEBUG - 2025-08-12 17:25:09 --> Session: Class initialized using 'CodeIgniter\Session\Handlers\FileHandler' driver.
DEBUG - 2025-08-12 17:25:09 --> Session: Class initialized using 'CodeIgniter\Session\Handlers\FileHandler' driver.
DEBUG - 2025-08-12 17:26:06 --> Session: Class initialized using 'CodeIgniter\Session\Handlers\FileHandler' driver.
DEBUG - 2025-08-12 17:26:44 --> Session: Class initialized using 'CodeIgniter\Session\Handlers\FileHandler' driver.
DEBUG - 2025-08-12 17:26:48 --> Session: Class initialized using 'CodeIgniter\Session\Handlers\FileHandler' driver.
DEBUG - 2025-08-12 17:29:38 --> Session: Class initialized using 'CodeIgniter\Session\Handlers\FileHandler' driver.
DEBUG - 2025-08-12 17:30:05 --> Session: Class initialized using 'CodeIgniter\Session\Handlers\FileHandler' driver.
DEBUG - 2025-08-12 17:30:05 --> Session: Class initialized using 'CodeIgniter\Session\Handlers\FileHandler' driver.
DEBUG - 2025-08-12 17:30:05 --> Session: Class initialized using 'CodeIgniter\Session\Handlers\FileHandler' driver.
DEBUG - 2025-08-12 17:31:03 --> Session: Class initialized using 'CodeIgniter\Session\Handlers\FileHandler' driver.
DEBUG - 2025-08-12 17:34:03 --> Session: Class initialized using 'CodeIgniter\Session\Handlers\FileHandler' driver.
DEBUG - 2025-08-12 17:34:09 --> Session: Class initialized using 'CodeIgniter\Session\Handlers\FileHandler' driver.
DEBUG - 2025-08-12 17:34:10 --> Session: Class initialized using 'CodeIgniter\Session\Handlers\FileHandler' driver.
DEBUG - 2025-08-12 17:38:18 --> Session: Class initialized using 'CodeIgniter\Session\Handlers\FileHandler' driver.
DEBUG - 2025-08-12 17:38:19 --> Session: Class initialized using 'CodeIgniter\Session\Handlers\FileHandler' driver.
DEBUG - 2025-08-12 17:38:30 --> Session: Class initialized using 'CodeIgniter\Session\Handlers\FileHandler' driver.
DEBUG - 2025-08-12 17:43:33 --> Session: Class initialized using 'CodeIgniter\Session\Handlers\FileHandler' driver.
DEBUG - 2025-08-12 17:43:43 --> Session: Class initialized using 'CodeIgniter\Session\Handlers\FileHandler' driver.
DEBUG - 2025-08-12 17:43:44 --> Session: Class initialized using 'CodeIgniter\Session\Handlers\FileHandler' driver.
DEBUG - 2025-08-12 17:44:07 --> Session: Class initialized using 'CodeIgniter\Session\Handlers\FileHandler' driver.
DEBUG - 2025-08-12 17:45:12 --> Session: Class initialized using 'CodeIgniter\Session\Handlers\FileHandler' driver.
DEBUG - 2025-08-12 17:45:13 --> Session: Class initialized using 'CodeIgniter\Session\Handlers\FileHandler' driver.
DEBUG - 2025-08-12 17:45:38 --> Session: Class initialized using 'CodeIgniter\Session\Handlers\FileHandler' driver.
DEBUG - 2025-08-12 17:45:38 --> Session: Class initialized using 'CodeIgniter\Session\Handlers\FileHandler' driver.
DEBUG - 2025-08-12 17:47:47 --> Session: Class initialized using 'CodeIgniter\Session\Handlers\FileHandler' driver.
DEBUG - 2025-08-12 17:47:48 --> Session: Class initialized using 'CodeIgniter\Session\Handlers\FileHandler' driver.
DEBUG - 2025-08-12 17:48:14 --> Session: Class initialized using 'CodeIgniter\Session\Handlers\FileHandler' driver.
DEBUG - 2025-08-12 17:48:39 --> Session: Class initialized using 'CodeIgniter\Session\Handlers\FileHandler' driver.
DEBUG - 2025-08-12 17:48:39 --> Session: Class initialized using 'CodeIgniter\Session\Handlers\FileHandler' driver.
DEBUG - 2025-08-12 17:48:40 --> Session: Class initialized using 'CodeIgniter\Session\Handlers\FileHandler' driver.
DEBUG - 2025-08-12 17:48:40 --> Session: Class initialized using 'CodeIgniter\Session\Handlers\FileHandler' driver.
DEBUG - 2025-08-12 17:49:37 --> Session: Class initialized using 'CodeIgniter\Session\Handlers\FileHandler' driver.
DEBUG - 2025-08-12 17:49:38 --> Session: Class initialized using 'CodeIgniter\Session\Handlers\FileHandler' driver.
DEBUG - 2025-08-12 17:49:39 --> Session: Class initialized using 'CodeIgniter\Session\Handlers\FileHandler' driver.
DEBUG - 2025-08-12 17:52:10 --> Session: Class initialized using 'CodeIgniter\Session\Handlers\FileHandler' driver.
DEBUG - 2025-08-12 17:52:13 --> Session: Class initialized using 'CodeIgniter\Session\Handlers\FileHandler' driver.
DEBUG - 2025-08-12 17:52:58 --> Session: Class initialized using 'CodeIgniter\Session\Handlers\FileHandler' driver.
DEBUG - 2025-08-12 17:52:59 --> Session: Class initialized using 'CodeIgniter\Session\Handlers\FileHandler' driver.
DEBUG - 2025-08-12 17:52:59 --> Session: Class initialized using 'CodeIgniter\Session\Handlers\FileHandler' driver.
DEBUG - 2025-08-12 17:53:49 --> Session: Class initialized using 'CodeIgniter\Session\Handlers\FileHandler' driver.
DEBUG - 2025-08-12 17:54:10 --> Session: Class initialized using 'CodeIgniter\Session\Handlers\FileHandler' driver.
DEBUG - 2025-08-12 17:54:42 --> Session: Class initialized using 'CodeIgniter\Session\Handlers\FileHandler' driver.
DEBUG - 2025-08-12 17:54:59 --> Session: Class initialized using 'CodeIgniter\Session\Handlers\FileHandler' driver.
DEBUG - 2025-08-12 17:55:14 --> Session: Class initialized using 'CodeIgniter\Session\Handlers\FileHandler' driver.
DEBUG - 2025-08-12 17:57:56 --> Session: Class initialized using 'CodeIgniter\Session\Handlers\FileHandler' driver.
DEBUG - 2025-08-12 17:58:03 --> Session: Class initialized using 'CodeIgniter\Session\Handlers\FileHandler' driver.
DEBUG - 2025-08-12 17:58:06 --> Session: Class initialized using 'CodeIgniter\Session\Handlers\FileHandler' driver.
DEBUG - 2025-08-12 18:03:31 --> Session: Class initialized using 'CodeIgniter\Session\Handlers\FileHandler' driver.
DEBUG - 2025-08-12 18:04:36 --> Session: Class initialized using 'CodeIgniter\Session\Handlers\FileHandler' driver.
DEBUG - 2025-08-12 18:05:32 --> Session: Class initialized using 'CodeIgniter\Session\Handlers\FileHandler' driver.
DEBUG - 2025-08-12 18:05:36 --> Session: Class initialized using 'CodeIgniter\Session\Handlers\FileHandler' driver.
DEBUG - 2025-08-12 18:10:30 --> Session: Class initialized using 'CodeIgniter\Session\Handlers\FileHandler' driver.
DEBUG - 2025-08-12 18:10:31 --> Session: Class initialized using 'CodeIgniter\Session\Handlers\FileHandler' driver.
DEBUG - 2025-08-12 18:11:13 --> Session: Class initialized using 'CodeIgniter\Session\Handlers\FileHandler' driver.
CRITICAL - 2025-08-12 18:11:15 --> CodeIgniter\Exceptions\BadMethodCallException: Call to undefined method App\Models\Contact_model::getTarifById
[Method: GET, Route: admin/contact/get-contact/1]
in SYSTEMPATH\Model.php on line 930.
 1 APPPATH\Controllers\Contact.php(97): CodeIgniter\Model->__call('getTarifById', [...])
 2 SYSTEMPATH\CodeIgniter.php(933): App\Controllers\Contact->getContact(1)
 3 SYSTEMPATH\CodeIgniter.php(507): CodeIgniter\CodeIgniter->runController(Object(App\Controllers\Contact))
 4 SYSTEMPATH\CodeIgniter.php(354): CodeIgniter\CodeIgniter->handleRequest(null, Object(Config\Cache), false)
 5 SYSTEMPATH\Boot.php(334): CodeIgniter\CodeIgniter->run()
 6 SYSTEMPATH\Boot.php(67): CodeIgniter\Boot::runCodeIgniter(Object(CodeIgniter\CodeIgniter))
 7 FCPATH\index.php(59): CodeIgniter\Boot::bootWeb(Object(Config\Paths))
DEBUG - 2025-08-12 18:11:17 --> Session: Class initialized using 'CodeIgniter\Session\Handlers\FileHandler' driver.
DEBUG - 2025-08-12 18:11:18 --> Session: Class initialized using 'CodeIgniter\Session\Handlers\FileHandler' driver.
CRITICAL - 2025-08-12 18:11:20 --> CodeIgniter\Exceptions\BadMethodCallException: Call to undefined method App\Models\Contact_model::getTarifById
[Method: GET, Route: admin/contact/get-contact/1]
in SYSTEMPATH\Model.php on line 930.
 1 APPPATH\Controllers\Contact.php(97): CodeIgniter\Model->__call('getTarifById', [...])
 2 SYSTEMPATH\CodeIgniter.php(933): App\Controllers\Contact->getContact(1)
 3 SYSTEMPATH\CodeIgniter.php(507): CodeIgniter\CodeIgniter->runController(Object(App\Controllers\Contact))
 4 SYSTEMPATH\CodeIgniter.php(354): CodeIgniter\CodeIgniter->handleRequest(null, Object(Config\Cache), false)
 5 SYSTEMPATH\Boot.php(334): CodeIgniter\CodeIgniter->run()
 6 SYSTEMPATH\Boot.php(67): CodeIgniter\Boot::runCodeIgniter(Object(CodeIgniter\CodeIgniter))
 7 FCPATH\index.php(59): CodeIgniter\Boot::bootWeb(Object(Config\Paths))
DEBUG - 2025-08-12 18:11:53 --> Session: Class initialized using 'CodeIgniter\Session\Handlers\FileHandler' driver.
DEBUG - 2025-08-12 18:13:21 --> Session: Class initialized using 'CodeIgniter\Session\Handlers\FileHandler' driver.
DEBUG - 2025-08-12 18:13:28 --> Session: Class initialized using 'CodeIgniter\Session\Handlers\FileHandler' driver.
DEBUG - 2025-08-12 18:13:28 --> Session: Class initialized using 'CodeIgniter\Session\Handlers\FileHandler' driver.
DEBUG - 2025-08-12 18:14:45 --> Session: Class initialized using 'CodeIgniter\Session\Handlers\FileHandler' driver.
DEBUG - 2025-08-12 18:14:46 --> Session: Class initialized using 'CodeIgniter\Session\Handlers\FileHandler' driver.
DEBUG - 2025-08-12 18:16:04 --> Session: Class initialized using 'CodeIgniter\Session\Handlers\FileHandler' driver.
DEBUG - 2025-08-12 18:16:05 --> Session: Class initialized using 'CodeIgniter\Session\Handlers\FileHandler' driver.
DEBUG - 2025-08-12 18:17:01 --> Session: Class initialized using 'CodeIgniter\Session\Handlers\FileHandler' driver.
